,0,1,2,3,4,5,6,7,8,9,10,11,12,13,14,15,16,17,18,19,20,21,22,23
0,number,2.0700307121,0.592838846804,movie,0.429693058089,0.631382951589,number,2.0700307121,0.641198162645,number,2.0700307121,0.450229323119,number,2.0700307121,0.444972787167,number,2.0700307121,0.589950406017,number,2.0700307121,0.547421047421,number,2.0700307121,0.439289046006
1,game,1.61903245986,0.328846258652,number,2.0700307121,0.529306738764,game,1.61903245986,0.293006404865,people,1.93916706745,0.280832619324,people,1.93916706745,0.317674018906,team,1.56052866351,0.314513052482,player,1.47813447332,0.236461736462,people,1.93916706745,0.238130308833
2,team,1.56052866351,0.274456373644,film,0.448795669112,0.271438045197,team,1.56052866351,0.26615772789,year,2.04239028763,0.163096618114,time,2.07622569547,0.168719564595,year,2.04239028763,0.266172543463,team,1.56052866351,0.18909018909,world,1.78470097013,0.14877006923
3,year,2.04239028763,0.190146601995,time,2.07622569547,0.16808651737,player,1.47813447332,0.243578960989,time,2.07622569547,0.150093241268,state,1.58884505587,0.160527069608,twitter,1.46755978292,0.240067578615,goal,1.11944414218,0.180477180477,country,1.54073747799,0.136544410075
4,player,1.47813447332,0.162570167312,imgur,1.70135463665,0.158496148549,year,2.04239028763,0.208384550689,police,1.17623161512,0.145708381634,year,2.04239028763,0.15342308794,game,1.61903245986,0.229440296474,game,1.61903245986,0.163647163647,time,2.07622569547,0.131045318407
5,fan,1.63546405081,0.147528475666,people,1.93916706745,0.137989083304,twitter,1.46755978292,0.183412046322,man,2.03053151652,0.127312131445,thing,2.05653154064,0.131595531366,player,1.47813447332,0.174668919287,world,1.78470097013,0.160330660331,news,1.67143646564,0.121372808956
6,twitter,1.46755978292,0.142024088506,youtube,1.79183368297,0.130184155486,time,2.07622569547,0.15514006599,thing,2.05653154064,0.123532080036,government,1.15307262997,0.112575193354,season,1.54006556883,0.153904844951,time,2.07622569547,0.144144144144,year,2.04239028763,0.116659301812
7,time,2.07622569547,0.140770614202,year,2.04239028763,0.117584043259,season,1.54006556883,0.133984602445,state,1.58884505587,0.109671891538,money,1.90457828263,0.110741907763,time,2.07622569547,0.150525914219,year,2.04239028763,0.141817641818,thing,2.05653154064,0.106544901065
8,season,1.54006556883,0.124638944902,trailer,0.241783173529,0.110850380044,guy,2.0350260784,0.115805136831,news,1.67143646564,0.103371805857,law,1.25725884657,0.110111715841,fan,1.63546405081,0.140988609734,season,1.54006556883,0.117562617563,state,1.58884505587,0.103206166839
9,guy,2.0350260784,0.121205515287,look,2.01986124364,0.10457583023,fan,1.63546405081,0.109270880507,way,2.07135336949,0.0892092132453,president,1.28753425587,0.109882555142,guy,2.0350260784,0.128671862227,football,1.16404075161,0.112167112167,war,1.4651560607,0.0952030245004
10,imgur,1.70135463665,0.119352553273,man,2.03053151652,0.103147477427,lebron,0.148692546349,0.109012098079,someone,2.0552488646,0.0864371755456,obama,0.956469567782,0.107247207104,people,1.93916706745,0.0988064744673,league,1.45667798649,0.112167112167,co,1.56978844894,0.0924043796337
11,goal,1.11944414218,0.116464112486,thing,2.05653154064,0.101464061623,point,2.01863615789,0.108429837614,officer,0.968597122513,0.0826571241369,way,2.07135336949,0.106903466056,football,1.16404075161,0.0972260068669,match,0.949933757793,0.107316107316,way,2.07135336949,0.091569696077
12,hockey,0.33474223068,0.101095427544,star,1.56767305196,0.0925368566036,people,1.93916706745,0.0983373228958,day,2.07024584921,0.0821027165969,vote,1.47532840892,0.10151818963,play,1.78297105184,0.0931385906589,co,1.56978844894,0.100237600238,russia,0.790579500031,0.0862179015073
13,thing,2.05653154064,0.0973350046324,war,1.4651560607,0.0911595164006,play,1.78297105184,0.0976256712169,get,2.0709074183,0.0779698603901,party,1.41356690429,0.091893440275,week,1.95408502672,0.0908496375824,gfycat,1.2812742701,0.0986535986536,government,1.15307262997,0.0747287278441
14,play,1.78297105184,0.0910131342307,scene,0.789441879156,0.082283323981,man,2.03053151652,0.08727437407,something,2.07154872011,0.0774658535356,tax,1.19594772471,0.0830707533658,get,2.0709074183,0.0831107962287,fan,1.63546405081,0.0981090981091,isi,0.726543515966,0.0694260323072
15,playoff,1.14479136088,0.0807128453867,actor,0.530799338999,0.0783553537724,get,2.0709074183,0.0822281167109,money,1.90457828263,0.0755002268031,job,1.85766536957,0.0829561730163,draft,1.12115491141,0.0800588587934,twitter,1.46755978292,0.0921195921196,day,2.07024584921,0.0684931506849
16,get,2.0709074183,0.0794593710829,way,2.07135336949,0.0779472529715,nba,0.42013314236,0.0820340298894,guy,2.0350260784,0.0752482233758,country,1.54073747799,0.0813520481237,thing,2.05653154064,0.0798408632623,people,1.93916706745,0.0910305910306,gt,2.02841022198,0.0677566651937
17,way,2.07135336949,0.0788598833724,watch,1.90434886009,0.0767739631689,youtube,1.79183368297,0.0813870738177,case,1.86393957024,0.0726777884179,get,2.0709074183,0.0803781151533,way,2.07135336949,0.079186876669,cup,1.14401012906,0.0869220869221,something,2.07154872011,0.0667746845387
18,people,1.93916706745,0.0747179682817,guy,2.0350260784,0.0763148497679,way,2.07135336949,0.0796402924241,cop,1.07414266712,0.07010735346,house,1.53197207955,0.0786594099112,bowl,0.414964151123,0.0777154068342,club,0.930157836668,0.0868725868726,get,2.0709074183,0.0618647812638
19,r,2.01459919651,0.071993024143,character,0.800876587829,0.0729480181605,heat,0.69278412,0.0771171637446,law,1.25725884657,0.0687969356383,gt,2.02841022198,0.0785448295617,patriot,0.504734081118,0.0699765654804,play,1.78297105184,0.0856350856351,guy,2.0350260784,0.0611773948053
20,line,1.96424988451,0.0697040710665,day,2.07024584921,0.0722338417589,thing,2.05653154064,0.0740117746005,woman,1.70003321751,0.0668313089058,gop,0.170552568309,0.0761959323976,qb,0.0839409090645,0.0665431358657,man,2.03053151652,0.0854370854371,israel,0.585169979252,0.0590170373644
21,look,2.01986124364,0.0680146057006,something,2.07154872011,0.0662653675458,basketball,0.601609943767,0.0708416898493,gt,2.02841022198,0.0641096718915,police,1.17623161512,0.0725866513893,edit,2.05414201646,0.0636546950788,v,1.72008436742,0.0850410850411,man,2.03053151652,0.0543035302205
22,day,2.07024584921,0.0644721783203,part,2.02379138599,0.0643268887415,look,2.01986124364,0.0705829074206,school,1.81785695371,0.060682425281,work,2.01490591953,0.0718991692925,nfl,0.474207314133,0.0628917107199,imgur,1.70135463665,0.0789030789031,someone,2.0552488646,0.0536652427947
23,youtube,1.79183368297,0.0617472341817,edit,2.05414201646,0.0610110697342,lakers,0.152160245761,0.0705182118134,life,1.98980035185,0.060682425281,day,2.07024584921,0.0690919507304,pick,1.59532326758,0.0627827129544,post,1.99819273024,0.0779130779131,anything,2.06380361611,0.0517012814848
24,point,2.01863615789,0.059512779988,lot,2.07415565099,0.0603479059328,league,1.45667798649,0.0698712557417,work,2.01490591953,0.0588175999194,something,2.07154872011,0.0690346605557,source,1.93040157887,0.0617472341817,city,1.9267784267,0.0769725769726,death,1.68263308735,0.0482643491923
25,cap,1.28579311644,0.0591857866914,world,1.78470097013,0.0591236035301,kobe,0.0727068486655,0.0679950831339,job,1.85766536957,0.0553903533088,news,1.67143646564,0.0682325981094,man,2.03053151652,0.0614747397678,chelsea,0.187624307182,0.0728640728641,bbc,1.08104680913,0.0479697549958
26,man,2.03053151652,0.057605319091,story,1.89049115874,0.0591236035301,post,1.99819273024,0.0652778676328,anyone,2.07598133465,0.0546847437125,war,1.4651560607,0.0673159553137,day,2.07024584921,0.0614202408851,thing,2.05653154064,0.0704880704881,nothing,2.02892724348,0.0476751607993
27,something,2.07154872011,0.057605319091,see,2.04257820648,0.0583074019283,james,1.58576406912,0.0649543895969,article,1.83821962298,0.0518623053274,election,0.688978284843,0.0667430535663,something,2.07154872011,0.0597307755191,way,2.07135336949,0.0689535689536,place,2.02292934873,0.0470859724063
28,thread,1.75378558116,0.0555343615456,get,2.0709074183,0.0578482885273,playoff,1.14479136088,0.0616549136314,anything,2.06380361611,0.0512070964165,bill,1.69435482207,0.0657691205958,lot,2.07415565099,0.0594037822225,guy,2.0350260784,0.0689535689536,money,1.90457828263,0.0470368733736
29,cup,1.14401012906,0.0552618671317,director,0.842632049974,0.052287915115,imgur,1.70135463665,0.0608785663453,country,1.54073747799,0.0508038909329,someone,2.0552488646,0.0653680893727,look,2.01986124364,0.0590222900431,bbc,1.08104680913,0.0678150678151,anyone,2.07598133465,0.0467422791771
30,someone,2.0552488646,0.0524279252275,name,2.04697866261,0.0499413355099,trade,1.50810943231,0.0602316102737,lot,2.07415565099,0.0500982813366,problem,1.90013501034,0.0649097679748,playoff,1.14479136088,0.0585318000981,get,2.0709074183,0.0653895653896,everyone,2.07341131799,0.0464476849806
31,post,1.99819273024,0.0510654531582,everyone,2.07341131799,0.0474927307045,r,2.01459919651,0.0597787410235,reddit,2.04361269256,0.0498966785948,change,1.91667670438,0.0649097679748,bill,1.69435482207,0.0584228023326,youtube,1.79183368297,0.0638550638551,edit,2.05414201646,0.0453675062601
32,edit,2.05414201646,0.0507384598616,love,1.95369281461,0.046829566903,something,2.07154872011,0.0580966552371,world,1.78470097013,0.049241469684,reason,2.03891583158,0.0647378974506,league,1.45667798649,0.0581503079187,manchester,0.177657197957,0.0577665577666,lot,2.07415565099,0.0446310207689
33,ice,1.17506370364,0.0504114665649,poster,0.969082019983,0.0464214661021,day,2.07024584921,0.0577084815941,everyone,2.07341131799,0.0491910689985,washingtonpost,1.07363717427,0.0640504153538,someone,2.0552488646,0.0546078805384,look,2.01986124364,0.0571230571231,point,2.01863615789,0.0436490401139
34,talk,1.97867460547,0.0499754755028,work,2.01490591953,0.0463194409019,score,1.52796328934,0.0570615255224,part,2.02379138599,0.0488886648858,point,2.01863615789,0.0618733887138,imgur,1.70135463665,0.0543898850074,liverpool,0.0497181934433,0.0541530541531,part,2.02379138599,0.0436490401139
35,everyone,2.07341131799,0.0498119788544,anything,2.06380361611,0.0463194409019,edit,2.05414201646,0.0549265704859,government,1.15307262997,0.0480822539187,anything,2.06380361611,0.0607848753939,post,1.99819273024,0.0504114665649,soccer,1.08499983143,0.0526680526681,article,1.83821962298,0.0432071488192
36,flair,1.17278050981,0.0488854978473,someone,2.0552488646,0.0461153905015,lot,2.07415565099,0.0536326583425,bill,1.69435482207,0.0469734388388,guy,2.0350260784,0.0599828129476,point,2.01863615789,0.0501934710338,lot,2.07415565099,0.0526185526186,life,1.98980035185,0.0426670594589
37,trade,1.50810943231,0.0486675023162,kind,2.05661944851,0.0453502014998,espn,1.05103976019,0.0524034418063,show,2.02401548938,0.0461166271861,nothing,2.02892724348,0.0591234603266,everyone,2.07341131799,0.049430486675,r,2.01459919651,0.0524205524206,woman,1.70003321751,0.0408503952472
38,nhl,0.165234230357,0.0484495067851,age,1.85934696708,0.0450951384992,rocket,1.21732120227,0.0514977033059,nothing,2.02892724348,0.0459150244443,congress,0.672357611563,0.058378688055,round,1.59465308686,0.048722001199,day,2.07024584921,0.0508365508366,gaza,0.156078259713,0.0407521971817
39,jersey,1.44534622753,0.0471960324813,anyone,2.07598133465,0.0440238738969,shot,1.9468502848,0.0507860516271,person,1.95110856405,0.0454110175898,everyone,2.07341131799,0.0582641077055,today,2.03554369078,0.0481225134885,something,2.07154872011,0.049995049995,work,2.01490591953,0.0405558010507
40,night,1.92907923713,0.0453975693498,life,1.98980035185,0.0438708360965,someone,2.0552488646,0.0503978779841,edit,2.05414201646,0.045209414848,world,1.78470097013,0.0552850186193,line,1.96424988451,0.0469235380675,group,1.73229998431,0.0468765468765,force,1.78867111529,0.0397702165267
41,lot,2.07415565099,0.0453430704671,book,1.73689561886,0.0430546344947,anyone,2.07598133465,0.0491686614479,home,2.01697523162,0.045209414848,court,1.43767684079,0.0549412775709,trade,1.50810943231,0.0461605537086,edit,2.05414201646,0.0452925452925,reuters,1.07555256046,0.03893553297
42,league,1.45667798649,0.0450160771704,idea,2.02976652006,0.042289445493,love,1.95369281461,0.0489098790192,death,1.68263308735,0.0451590141626,pay,1.77741876905,0.0545975365225,jet,1.38659236024,0.0442530928116,point,2.01863615789,0.0443025443025,reddit,2.04361269256,0.0387882358718
43,anyone,2.07598133465,0.0446890838738,interview,1.81536922107,0.0420853950926,everyone,2.07341131799,0.0465808371612,use,1.96084724642,0.0444030038809,man,2.03053151652,0.0533944428531,coach,1.3748476363,0.0440350972805,champion,1.02358906184,0.0427185427185,police,1.17623161512,0.038346344577
44,v,1.72008436742,0.0445255872255,end,2.0670670727,0.0420343824925,bull,0.891164870932,0.0451575338035,cnn,1.20704524861,0.0443526031954,company,1.51435741332,0.0517903179605,yeah,2.07038906449,0.043926099515,someone,2.0552488646,0.0427185427185,let,2.05775343453,0.0378553542495
45,gfycat,1.2812742701,0.0441985939288,show,2.02401548938,0.0416772942917,talk,1.97867460547,0.0449634469819,point,2.01863615789,0.0428405826319,care,1.95540920622,0.0513319965626,r,2.01459919651,0.0437626028666,anyone,2.07598133465,0.042372042372,putin,0.671935886409,0.0375116610203
46,yeah,2.07038906449,0.041037658728,role,1.65683878917,0.0412691934908,source,1.93040157887,0.0438636216601,city,1.9267784267,0.042286175092,fact,2.02639920826,0.0512174162131,anyone,2.07598133465,0.0434901084528,gt,2.02841022198,0.0401445401445,attack,1.67327285717,0.0372170668238
47,anything,2.06380361611,0.0383672134721,r,2.01459919651,0.0396878028873,anything,2.06380361611,0.0432813611956,reason,2.03891583158,0.041731767552,lot,2.07415565099,0.0511028358636,reddit,2.04361269256,0.0432721129217,everyone,2.07341131799,0.0377685377685,leader,1.59606481346,0.0370206706928
48,love,1.95369281461,0.0382037168238,play,1.78297105184,0.0389736264857,yeah,2.07038906449,0.0429578831597,crime,1.40186641064,0.0405221511013,huffingtonpost,0.669449336005,0.0506445144658,gt,2.02841022198,0.0431086162734,manager,0.985227813639,0.0376695376695,reason,2.03891583158,0.0362350861688
49,let,2.05775343453,0.038149217941,point,2.01863615789,0.0388716012855,deal,1.97492964089,0.0422462314809,story,1.89049115874,0.0401189456177,anyone,2.07598133465,0.0505299341163,defense,1.79701974184,0.041037658728,chance,2.00004784462,0.0357885357885,power,1.86786997288,0.0359404919723
50,see,2.04257820648,0.0377677257616,action,1.72521630149,0.0381574248839,pick,1.59532326758,0.0419874490522,place,2.02292934873,0.0399677435613,politics,0.976543120989,0.0504726439416,field,1.6529574156,0.0408741620797,penalty,1.47389680244,0.03564003564,nation,1.49178219135,0.0358422939068
51,goalie,0.266597761595,0.0374952313478,gt,2.02841022198,0.0380043870836,box,1.56748716014,0.0410170149447,video,2.05151691115,0.0399677435613,article,1.83821962298,0.04972787167,history,2.02296164809,0.0407651643141,anything,2.06380361611,0.0350955350955,problem,1.90013501034,0.0356949968086
52,sport,1.67317635904,0.0371682380511,marvel,0.116071361117,0.0375452736826,defense,1.79701974184,0.0404347544802,charge,1.54511955402,0.0397661408195,system,1.73792217189,0.0483529074764,packer,0.195720352543,0.0406016676658,ball,1.65801890496,0.034947034947,comment,2.0706315241,0.0355476997103
53,series,1.54276503887,0.0353697749196,opinion,2.02150123899,0.03637198388,gfycat,1.2812742701,0.0403053632658,comment,2.0706315241,0.0397157401341,issue,1.81522152942,0.0478945860785,cowboy,0.533410103705,0.0402746743692,yeah,2.07038906449,0.0348975348975,group,1.73229998431,0.0355476997103
54,star,1.56767305196,0.0352062782713,yeah,2.07038906449,0.0362699586798,thread,1.75378558116,0.0395290159798,child,1.70289173352,0.0395645380777,use,1.96084724642,0.0477227155543,thread,1.75378558116,0.0401111777209,bit,2.02773435866,0.0343035343035,look,2.01986124364,0.0352531055138
55,leaf,1.36769518081,0.0351517793885,thanks,2.06505108741,0.0356578074784,knicks,0.104553939443,0.0390761467296,pay,1.77741876905,0.0389597298523,democrat,0.379139864548,0.0477227155543,pat,0.626379530489,0.0379312224099,sign,1.90807506744,0.0343035343035,use,1.96084724642,0.0349585113173
56,hate,2.05693394463,0.0341163006158,release,1.72493983987,0.0348416058767,ball,1.65801890496,0.0385585818723,family,1.8317486517,0.038808527796,case,1.86393957024,0.0461185906617,anything,2.06380361611,0.0378222246444,week,1.95408502672,0.033957033957,president,1.28753425587,0.0349094122846
57,comment,2.0706315241,0.0340073028503,nothing,2.02892724348,0.0337193286742,star,1.56767305196,0.0382997994436,shot,1.9468502848,0.0385061236833,life,1.98980035185,0.0457748496133,contract,1.74736827673,0.0370592402856,today,2.03554369078,0.033858033858,kind,2.05661944851,0.0345166200226
58,bruin,0.112194691207,0.033843806202,sequel,0.301708379751,0.0336683160741,sport,1.67317635904,0.0381704082293,look,2.01986124364,0.0379013154579,org,1.66517366278,0.0454311085649,see,2.04257820648,0.0370047414028,thread,1.75378558116,0.033561033561,law,1.25725884657,0.0340747287278
59,today,2.03554369078,0.0335168129053,line,1.96424988451,0.0325460388716,miami,0.850788554752,0.0375881477648,house,1.53197207955,0.0369437024344,power,1.86786997288,0.0450300773417,reason,2.03891583158,0.03695024252,sport,1.67317635904,0.0329175329175,hamas,0.215116459922,0.0339765306623
60,name,2.04697866261,0.0331898196087,money,1.90457828263,0.0320359128705,cleveland,1.04257750709,0.0372646697289,problem,1.90013501034,0.0364396955799,voter,0.700388546736,0.0446863362933,sign,1.90807506744,0.0364052536923,country,1.54073747799,0.0329175329175,source,1.93040157887,0.0334855403349
61,video,2.05151691115,0.0331353207259,post,1.99819273024,0.0320359128705,coach,1.3748476363,0.0369411916931,kid,1.99781497585,0.0364396955799,part,2.02379138599,0.0445717559439,let,2.05775343453,0.0360782603957,ronaldo,0.0259727973178,0.032373032373,report,1.94226193437,0.0324053616144
62,watch,1.90434886009,0.0328083274293,comedy,0.975939514178,0.0319338876703,end,2.0670670727,0.0361001487999,fact,2.02639920826,0.0363892948944,idea,2.02976652006,0.043884273847,deal,1.97492964089,0.0360237615129,england,1.19870850771,0.032076032076,yeah,2.07038906449,0.0322089654834
63,ranger,0.748372487855,0.0325358330154,avenger,0.076626813663,0.0311176860685,gt,2.02841022198,0.0359707575856,car,1.73749167638,0.0363892948944,support,1.76366190389,0.0431967917502,rodgers,0.528324614087,0.0353697749196,messi,0.0888933543963,0.0319275319275,need,2.0628132499,0.0319143712869
64,gt,2.02841022198,0.0324268352499,everything,2.05221001097,0.0311176860685,paul,1.58396206487,0.0355178883354,company,1.51435741332,0.036338894209,look,2.01986124364,0.043024921226,name,2.04697866261,0.0350972805057,comment,2.0706315241,0.031482031482,call,2.03806473423,0.0318652722541
65,head,2.0448904463,0.0322088397188,game,1.61903245986,0.030454522267,contract,1.74736827673,0.0352591059067,kind,2.05661944851,0.0361372914672,control,1.64591040019,0.0429676310513,end,2.0670670727,0.0346612894436,see,2.04257820648,0.031383031383,oil,1.42547627472,0.0318161732214
66,score,1.52796328934,0.0318818464221,think,2.07189240543,0.0302504718666,series,1.54276503887,0.0351297146924,drug,1.494708035,0.0353812811854,policy,1.24543870138,0.0422801489545,ball,1.65801890496,0.0346067905608,money,1.90457828263,0.0313335313335,fact,2.02639920826,0.0317670741886
67,thanks,2.06505108741,0.0318273475394,fan,1.63546405081,0.0301484466663,comment,2.0706315241,0.0348062366565,ferguson,1.00149165915,0.0351292777582,wage,1.18900215173,0.0413635061587,raider,0.309119273648,0.0334078151398,name,2.04697866261,0.0292545292545,kill,1.73617821223,0.0312760838611
68,th,1.90836384096,0.0318273475394,picture,1.96682307397,0.0297913584655,pacer,0.0328299495364,0.0346768454422,need,2.0628132499,0.0341716647346,need,2.0628132499,0.0413635061587,talk,1.97867460547,0.0330263229604,watch,1.90434886009,0.0289575289575,case,1.86393957024,0.0312269848284
69,discussion,1.84275484252,0.0316093520083,reason,2.03891583158,0.0293322450645,court,1.43767684079,0.034223976192,care,1.95540920622,0.0340708633637,america,1.64931297694,0.0410197651103,colt,0.118626531827,0.0328628263121,reason,2.03891583158,0.0288585288585,child,1.70289173352,0.0307359945009
70,work,2.01490591953,0.0310643631806,office,1.69801239362,0.029077182064,name,2.04697866261,0.0340298893705,let,2.05775343453,0.0339196613074,place,2.02292934873,0.0409624749355,money,1.90457828263,0.032644830781,transfer,0.647626428871,0.028809028809,rocket,1.21732120227,0.0303923012717
71,week,1.95408502672,0.0310098642978,official,1.8086757285,0.029077182064,kevin,1.14265670898,0.033835802549,month,2.02809147288,0.0334156544529,business,1.67621723878,0.0406760240619,position,1.86950963993,0.0325358330154,let,2.05775343453,0.0285615285615,iraq,0.952885732134,0.0301959051407
72,part,2.02379138599,0.0306828710011,shit,2.06412827664,0.0290261694639,week,1.95408502672,0.0335770201203,student,1.44639284379,0.0325084421148,campaign,1.28032657864,0.0401031223145,division,1.32745740848,0.0320453430705,end,2.0670670727,0.0273735273735,au,1.03660905288,0.0301468061079
73,avalanche,0.12507419052,0.0303013788217,force,1.78867111529,0.0287711064633,fuck,2.06426453311,0.0335770201203,post,1.99819273024,0.032306839373,let,2.05775343453,0.0394729303924,th,1.90836384096,0.0318818464221,score,1.52796328934,0.027324027324,end,2.0670670727,0.0299995090097
74,feel,2.04836270768,0.0295383944629,theater,0.792929424168,0.028618068663,cavs,0.0662055277381,0.0335770201203,yeah,2.07038906449,0.0319540345749,person,1.95110856405,0.0392437696935,picture,1.96682307397,0.030955365415,striker,0.0635235711973,0.0271755271755,air,1.84140983998,0.0297540138459
75,pick,1.59532326758,0.0295383944629,hate,2.05693394463,0.0276998418609,v,1.72008436742,0.0335770201203,gun,1.45421467932,0.0315508290913,woman,1.70003321751,0.0392437696935,eagle,0.478904856351,0.0309008665322,month,2.02809147288,0.027126027126,support,1.76366190389,0.0295085186822
76,kind,2.05661944851,0.0294838955801,version,1.79500812791,0.0275468040606,see,2.04257820648,0.033447628906,change,1.91667670438,0.0314500277204,health,1.32658987885,0.0384417072472,work,2.01490591953,0.0305193743528,place,2.02292934873,0.0270765270765,china,1.26151471493,0.0295085186822
77,flyer,0.133534943459,0.0294293966974,teaser,0.205797530233,0.0273937662603,today,2.03554369078,0.0332535420845,co,1.56978844894,0.0309964215513,school,1.81785695371,0.0383844170725,hate,2.05693394463,0.0303558777045,think,2.07189240543,0.0267795267795,muslim,0.987128401138,0.0294594196494
78,nothing,2.02892724348,0.0293203989318,men,1.90783517445,0.02729174106,raptor,0.500672495119,0.0329300640487,court,1.43767684079,0.0309964215513,call,2.03806473423,0.0381552563735,career,1.73110351698,0.0296473922285,minute,1.96299741446,0.0256905256905,video,2.05151691115,0.0294594196494
79,home,2.01697523162,0.0293203989318,reddit,2.04361269256,0.0270876906596,damn,2.01289648514,0.0329300640487,shit,2.06412827664,0.030845219495,nation,1.49178219135,0.0371240332283,fuck,2.06426453311,0.029265900049,need,2.0628132499,0.025641025641,help,2.04261561672,0.0293121225512
80,stanley,0.429169462764,0.029265900049,god,2.06581631431,0.0269856654594,career,1.73110351698,0.0329300640487,hand,2.06754887173,0.0306436167532,r,2.01459919651,0.0362646806073,chance,2.00004784462,0.029265900049,deal,1.97492964089,0.025542025542,month,2.02809147288,0.0288211322237
81,end,2.0670670727,0.0291569022835,face,2.0607984495,0.0265775646585,jordan,1.13055160266,0.0327359772271,week,1.95408502672,0.0305428153823,drug,1.494708035,0.0359782297336,superbowl,0.258446548154,0.0289934056352,nothing,2.02892724348,0.0254925254925,org,1.66517366278,0.0285756370599
82,reddit,2.04361269256,0.0289934056352,comment,2.0706315241,0.0264245268581,hate,2.05693394463,0.0323478035841,call,2.03806473423,0.0304420140114,cost,1.77701899464,0.0357490690347,seahawks,0.213278694717,0.0289934056352,injury,1.67099463744,0.025443025443,week,1.95408502672,0.0283301418962
83,reason,2.03891583158,0.0288299089869,hell,2.06959063426,0.0263225016579,draft,1.12115491141,0.032283107977,idea,2.02976652006,0.0300892092132,group,1.73229998431,0.0353480378115,tom,1.31751798703,0.0287209112213,thanks,2.06505108741,0.025146025146,care,1.95540920622,0.028182844798
84,deal,1.97492964089,0.0285029156902,fact,2.02639920826,0.0260164260572,watch,1.90434886009,0.0321537167626,issue,1.81522152942,0.0298876064714,office,1.69801239362,0.0350042967631,youtube,1.79183368297,0.028557414573,reddit,2.04361269256,0.024948024948,shit,2.06412827664,0.0281337457652
85,need,2.0628132499,0.0281214235108,image,1.84684462142,0.025914400857,sign,1.90807506744,0.0320243255483,word,2.05597741447,0.0295852023588,majority,1.61776824123,0.0350042967631,record,2.00457799748,0.028557414573,hope,2.06721495997,0.0247005247005,plane,1.51116249559,0.0280846467325
86,penalty,1.47389680244,0.0276309335659,series,1.54276503887,0.025914400857,beat,1.81078862864,0.0317008475125,report,1.94226193437,0.0295348016733,end,2.0670670727,0.0347178458894,espn,1.05103976019,0.0283939179247,opinion,2.02150123899,0.0244035244035,syria,0.519237659396,0.0275445573722
87,boston,1.46014876785,0.0266499536759,box,1.56748716014,0.0257613630567,history,2.02296164809,0.0314420650838,fuck,2.06426453311,0.029383599617,kind,2.05661944851,0.0345459753652,feel,2.04836270768,0.0283394190419,barcelona,0.140241777165,0.024255024255,school,1.81785695371,0.0274463593067
88,contract,1.74736827673,0.0265409559104,feel,2.04836270768,0.0257613630567,night,1.92907923713,0.0314420650838,murder,1.48158859822,0.028829192077,plan,1.88669983088,0.0344886851905,love,1.95369281461,0.0282304212764,suarez,0.161563061364,0.024156024156,everything,2.05221001097,0.027397260274
89,sign,1.90807506744,0.0265409559104,night,1.92907923713,0.0256593378565,reason,2.03891583158,0.0311185870479,ban,1.67218091963,0.0286779900207,cop,1.07414266712,0.0344313950158,watch,1.90434886009,0.0279034279797,work,2.01490591953,0.0241065241065,show,2.02401548938,0.027200864143
90,trash,1.42757588571,0.0264319581449,kid,1.99781497585,0.0256083252563,need,2.0628132499,0.0306010221906,kill,1.73617821223,0.0284259865934,economy,1.05476187172,0.0340303637926,shit,2.06412827664,0.0274674369175,line,1.96424988451,0.023859023859,person,1.95110856405,0.0271517651102
91,coach,1.3748476363,0.0263774592621,fun,1.98066127753,0.0253022496557,work,2.01490591953,0.0304716309763,group,1.73229998431,0.0283251852225,officer,0.968597122513,0.0339730736179,lion,0.879117654319,0.0274129380348,part,2.02379138599,0.0234135234135,fuck,2.06426453311,0.0264643786517
92,shark,0.73747317716,0.0259959670827,bit,2.02773435866,0.024996174055,gonna,1.99699558389,0.0304716309763,sex,1.59779140432,0.0281235824807,today,2.03554369078,0.0338012030937,video,2.05151691115,0.0273039402692,love,1.95369281461,0.023265023265,home,2.01697523162,0.0260715863897
93,hope,2.06721495997,0.0259414681999,hope,2.06721495997,0.0246900984543,lol,1.96546331518,0.0299540661189,r,2.01459919651,0.0278715790535,rate,1.69643118503,0.0332855915211,need,2.0628132499,0.0271949425037,fact,2.02639920826,0.023067023067,idea,2.02976652006,0.026022487357
94,face,2.0607984495,0.0255054771377,studio,0.665176884261,0.024537060654,houston,1.00897583536,0.0293718056544,employee,1.26329234082,0.027367572199,show,2.02401548938,0.0331710111716,sport,1.67317635904,0.0270859447381,win,1.85585407717,0.022968022968,system,1.73792217189,0.026022487357
95,fuck,2.06426453311,0.0253964793722,john,1.96028094411,0.024537060654,dude,1.95531470793,0.0290483276186,see,2.04257820648,0.0271155687717,word,2.05597741447,0.0329991406474,damn,2.01289648514,0.0270314458554,moment,2.01118807036,0.0228195228195,plan,1.88669983088,0.0258751902588
96,history,2.02296164809,0.0253419804894,damn,2.01289648514,0.0242309850533,defeat,1.23782578187,0.0290483276186,business,1.67621723878,0.0271155687717,comment,2.0706315241,0.0328845602979,think,2.07189240543,0.0269769469726,home,2.01697523162,0.0225225225225,change,1.91667670438,0.025826091226
97,think,2.07189240543,0.0253419804894,please,2.06907481156,0.024077947253,th,1.90836384096,0.0287895451899,hour,1.99392820223,0.0266619626027,class,1.86496988544,0.0328845602979,nbcsports,1.1740905988,0.0269224480898,fuck,2.06426453311,0.0222255222255,fire,1.91386237937,0.0257769921933
98,place,2.02292934873,0.0252874816066,wait,2.06863733736,0.0239249094526,shit,2.06412827664,0.0285954583684,help,2.04261561672,0.0266115619172,question,2.0596739056,0.0325408192495,kind,2.05661944851,0.026867949207,th,1.90836384096,0.0221265221265,area,1.83517559982,0.025629695095
99,damn,2.01289648514,0.0250149871928,james,1.58576406912,0.0238228842524,let,2.05775343453,0.0285307627612,washingtonpost,1.07363717427,0.0265611612318,think,2.07189240543,0.0323689487253,part,2.02379138599,0.0268134503243,kind,2.05661944851,0.0215325215325,word,2.05597741447,0.0253841999313
100,shot,1.9468502848,0.0250149871928,hollywoodreporter,0.48134336733,0.0232617456512,championship,1.31343734914,0.0284013715469,system,1.73792217189,0.0264099591754,bush,1.00383245517,0.0321397880264,opinion,2.02150123899,0.0267589514415,talk,1.97867460547,0.021285021285,city,1.9267784267,0.0252860018658
101,round,1.59465308686,0.0250149871928,effect,1.83169725431,0.023159720451,think,2.07189240543,0.0278838066895,prison,1.38235028642,0.0263091578045,senate,0.686828692821,0.0314523059295,head,2.0448904463,0.0262139626138,germany,1.25404661556,0.021186021186,u,1.96454704148,0.0251387047675
102,duck,1.08082468556,0.02496048831,performance,1.64212612864,0.0229556700505,part,2.02379138599,0.0276250242609,war,1.4651560607,0.025905952321,climate,1.05426149736,0.0311085648811,comment,2.0706315241,0.0261049648482,half,2.06515247839,0.021087021087,see,2.04257820648,0.0248932096038
103,canada,1.52229410633,0.0239795084201,voice,1.60806115981,0.0228026322502,line,1.96424988451,0.0271074594035,body,1.93038307912,0.0257547502646,income,1.04763006214,0.0307648238327,fact,2.02639920826,0.0250149871928,summer,1.82117621341,0.0209385209385,post,1.99819273024,0.024844110571
104,chance,2.00004784462,0.0238160117718,list,2.03086267652,0.0227516196501,nothing,2.02892724348,0.026913372582,end,2.0670670727,0.0252003427247,senator,1.10060586689,0.0306502434832,nothing,2.02892724348,0.0247969916617,fifa,0.527948196535,0.020889020889,medium,2.04794079482,0.0244022192763
105,city,1.9267784267,0.0238160117718,guess,2.07302037535,0.0227516196501,kind,2.05661944851,0.0268486769748,internet,1.74887236866,0.0251499420392,yeah,2.07038906449,0.0303637926096,rb,0.437743806933,0.0247424927789,start,2.06727925484,0.0207405207405,border,1.12004158497,0.0242058231453
106,colorado,1.157951495,0.0236525151234,variety,0.934991112992,0.0226495944498,call,2.03806473423,0.0267192857605,area,1.83517559982,0.024897938612,help,2.04261561672,0.0302492122601,steelers,0.190321304731,0.0246334950134,position,1.86950963993,0.020592020592,hour,1.99392820223,0.0241076250798
107,call,2.03806473423,0.0235435173579,hour,1.99392820223,0.0225985818497,thanks,2.06505108741,0.0266545901533,hate,2.05693394463,0.0248475379265,death,1.68263308735,0.0302492122601,v,1.72008436742,0.0245244972478,show,2.02401548938,0.020196020196,bomb,1.47790070611,0.024058526047
108,gif,1.56119770848,0.0234345195923,v,1.72008436742,0.0224455440494,home,2.01697523162,0.0262664165103,plan,1.88669983088,0.0242931303866,everything,2.05221001097,0.0301919220854,guess,2.07302037535,0.0245244972478,class,1.86496988544,0.020097020097,control,1.64591040019,0.0235184366868
109,st,1.83042917573,0.023271022944,place,2.02292934873,0.022292506249,minute,1.96299741446,0.0258135472601,president,1.28753425587,0.0241923290157,report,1.94226193437,0.0301346319106,gonna,1.99699558389,0.0244154994823,question,2.0596739056,0.0200475200475,story,1.89049115874,0.0232238424903
110,start,2.06727925484,0.0231075262957,heard,2.05268699678,0.0221394684487,life,1.98980035185,0.0258135472601,worker,1.34497525251,0.0241419283302,family,1.8317486517,0.0300200515612,start,2.06727925484,0.0238705106545,shit,2.06412827664,0.0198000198,minister,0.791513484605,0.0230765453921
111,please,2.06907481156,0.0228895307646,mean,2.07219203923,0.0221394684487,video,2.05151691115,0.02536067801,tax,1.19594772471,0.0240411269593,crime,1.40186641064,0.0297908908622,question,2.0596739056,0.0238705106545,record,2.00457799748,0.0197505197505,mean,2.07219203923,0.0230274463593
112,guess,2.07302037535,0.0227260341163,word,2.05597741447,0.0220374432485,melo,0.0455614538631,0.0252312867956,source,1.93040157887,0.023889924903,motherjones,0.331195667511,0.0297908908622,injury,1.67099463744,0.0238705106545,word,2.05597741447,0.0196515196515,obama,0.956469567782,0.0230274463593
113,oiler,0.200371155748,0.0223990408197,shot,1.9468502848,0.0220374432485,guard,1.41783210393,0.0251665911885,obama,0.956469567782,0.0237891235321,candidate,1.13523255229,0.0297908908622,god,2.06581631431,0.0234890184751,side,2.01854897641,0.0196515196515,history,2.02296164809,0.0229783473266
114,edition,1.57882907526,0.0222900430541,video,2.05151691115,0.0219864306484,dunk,0.318258881382,0.0251018955813,force,1.78867111529,0.0236379214757,matter,2.02353437237,0.029619020338,chip,1.21425927571,0.0233800207096,move,2.04152921505,0.0194535194535,water,1.85968347024,0.0229292482938
115,crosby,0.161828890254,0.0222900430541,need,2.0628132499,0.0218844054481,question,2.0596739056,0.0248431131526,name,2.04697866261,0.0234363187339,act,1.81281264874,0.0291034087654,rookie,1.18695206777,0.023271022944,idea,2.02976652006,0.019206019206,house,1.53197207955,0.0228310502283
116,world,1.78470097013,0.0222355441713,sense,2.06430577359,0.0210682038464,feel,2.04836270768,0.0246490263311,cause,1.98541127274,0.0233859180485,thinkprogress,0.4302490046,0.0284732168433,super,1.57734561576,0.0232165240613,feel,2.04836270768,0.019206019206,america,1.64931297694,0.0228310502283
117,idea,2.02976652006,0.022072047523,mind,2.06452769789,0.0209661786461,reddit,2.04361269256,0.0244549395096,power,1.86786997288,0.0232347159921,gov,1.06818462035,0.0284159266686,beat,1.81078862864,0.0231075262957,history,2.02296164809,0.0191565191565,hand,2.06754887173,0.0225855550646
118,everything,2.05221001097,0.022072047523,example,2.03837262422,0.020915166046,chance,2.00004784462,0.0243902439024,girl,1.8187189423,0.0232347159921,street,1.75003262525,0.0283586364938,fun,1.98066127753,0.0228350318818,call,2.03806473423,0.0190575190575,ebola,1.00505432991,0.0225364560318
119,show,2.02401548938,0.0219085508747,hollywood,0.897913332707,0.0206601030455,money,1.90457828263,0.0242608526881,support,1.76366190389,0.0231339146212,source,1.93040157887,0.0282440561444,call,2.03806473423,0.0227260341163,hand,2.06754887173,0.019008019008,claim,1.7482522048,0.0223891589336
120,god,2.06581631431,0.0217995531092,job,1.85766536957,0.0206090904453,thunder,0.601451347272,0.0241961570809,org,1.66517366278,0.0230331132503,history,2.02296164809,0.0281867659696,profootballtalk,0.135380277945,0.0226715352335,video,2.05151691115,0.019008019008,think,2.07189240543,0.0223891589336
121,injury,1.67099463744,0.0217995531092,today,2.03554369078,0.0205070652451,anthony,0.821440634558,0.0238079834379,party,1.41356690429,0.0229827125649,claim,1.7482522048,0.0281867659696,medium,2.04794079482,0.0226170363508,guess,2.07302037535,0.018909018909,family,1.8317486517,0.0221927628026
122,fun,1.98066127753,0.0214180609298,fuck,2.06426453311,0.020456052645,spur,0.701046973424,0.0236785922236,everything,2.05221001097,0.0229827125649,science,1.46233541028,0.0281294757949,report,1.94226193437,0.0226170363508,hate,2.05693394463,0.0187605187605,thanks,2.06505108741,0.0221927628026
123,hey,2.01405714743,0.0213090631642,death,1.68263308735,0.0203540274448,injury,1.67099463744,0.0236785922236,medium,2.04794079482,0.0227307091376,line,1.96424988451,0.0281294757949,quarterback,0.1292619303,0.0226170363508,defender,1.30288024082,0.018711018711,canada,1.52229410633,0.0219963666716
124,bit,2.02773435866,0.0212545642814,tv,2.00987547458,0.0201499770443,world,1.78470097013,0.0235492010093,service,1.58759393458,0.0225795070813,force,1.78867111529,0.0280721856202,peyton,0.213488649578,0.0226170363508,rooney,0.284062593108,0.018612018612,name,2.04697866261,0.0219472676388
125,montreal,0.332289609743,0.0211455665159,x,1.9188020341,0.0200989644442,start,2.06727925484,0.0235492010093,thanks,2.06505108741,0.0223779043395,nytimes,1.32163750894,0.0280721856202,hell,2.06959063426,0.022562537468,van,1.25110087168,0.018612018612,hope,2.06721495997,0.0217508715078
126,hand,2.06754887173,0.0210365687503,plot,1.31697220793,0.0200479518441,jersey,1.44534622753,0.0234845054021,think,2.07189240543,0.0222267022832,amendment,0.802329820856,0.0277284445718,job,1.85766536957,0.0223990408197,please,2.06907481156,0.0183645183645,action,1.72521630149,0.0217508715078
127,tonight,1.57686151568,0.0209820698676,minute,1.96299741446,0.0200479518441,move,2.04152921505,0.0234198097949,question,2.0596739056,0.0221763015977,see,2.04257820648,0.0277284445718,yard,0.916455973183,0.0223990408197,barca,0.0628267888017,0.0181665181665,crime,1.40186641064,0.0217508715078
128,penguin,0.484680943097,0.0209275709848,episode,1.37627483348,0.019996939244,center,1.7334792833,0.0232904185806,face,2.0607984495,0.0219746988559,city,1.9267784267,0.0277284445718,thanks,2.06505108741,0.0221810452886,spain,0.946627530591,0.018018018018,troop,0.787940023803,0.0215053763441
129,minute,1.96299741446,0.0205460788054,yes,2.05594373083,0.0199459266439,hope,2.06721495997,0.0230316361519,jail,1.33909356098,0.021873897485,dollar,1.83724202085,0.027671154397,win,1.85585407717,0.0221265464058,cl,0.0583223510318,0.0178695178695,germany,1.25404661556,0.0214071782786
130,hell,2.06959063426,0.0204915799226,week,1.95408502672,0.0198949140438,clipper,0.136493644471,0.0226434625089,judge,1.48481929872,0.0215714933723,action,1.72521630149,0.0274992838728,brady,0.119308361341,0.022072047523,source,1.93040157887,0.0178695178695,peace,1.45059188579,0.0211616831148
131,puck,0.0471337698758,0.0204915799226,person,1.95110856405,0.0197928888435,win,1.85585407717,0.0222552888659,matter,2.02353437237,0.0215714933723,gun,1.45421467932,0.0272128329991,night,1.92907923713,0.022072047523,premier,0.292612679306,0.01782001782,price,1.9363525764,0.0210143860166
132,question,2.0596739056,0.0202190855087,galaxy,0.691731136021,0.019537825843,city,1.9267784267,0.0219965064372,sound,2.03913009794,0.0212690892596,edit,2.05414201646,0.0272128329991,hope,2.06721495997,0.0220175486403,squad,1.44180552867,0.01782001782,job,1.85766536957,0.0209652869838
133,shit,2.06412827664,0.020164586626,use,1.96084724642,0.0193337754425,state,1.58884505587,0.0216083327942,men,1.90783517445,0.0211178872033,corporation,0.989321809991,0.0270982526497,college,1.82381292615,0.0218540519919,mean,2.07219203923,0.0177705177705,question,2.0596739056,0.0207688908529
134,fact,2.02639920826,0.0200555888604,month,2.02809147288,0.0193337754425,hand,2.06754887173,0.0216083327942,parent,1.7105476779,0.0210170858324,term,2.00956909795,0.0267545116013,idea,2.02976652006,0.0217450542264,life,1.98980035185,0.017721017721,ban,1.67218091963,0.0206215937546
135,gonna,1.99699558389,0.019674096681,sony,1.12065069368,0.0191807376422,hell,2.06959063426,0.021543637187,evidence,1.60574813351,0.0209666851469,reddit,2.04361269256,0.0265253509023,life,1.98980035185,0.0216905553436,contract,1.74736827673,0.0176715176715,r,2.01459919651,0.0206215937546
136,price,1.9363525764,0.0196195977982,choice,1.99014732442,0.0191297250421,opinion,2.02150123899,0.021543637187,tell,2.02846593849,0.0207146817197,month,2.02809147288,0.0265253509023,mean,2.07219203923,0.0214180609298,pitch,1.14449173328,0.0176715176715,today,2.03554369078,0.0205233956891
137,canuck,0.151829879989,0.0195650989155,woman,1.70003321751,0.019078712442,fun,1.98066127753,0.021543637187,god,2.06581631431,0.0205130789779,name,2.04697866261,0.0262389000286,st,1.83042917573,0.0210365687503,mind,2.06452769789,0.017622017622,vote,1.47532840892,0.0204742966564
138,center,1.7334792833,0.0194561011499,hand,2.06754887173,0.0189766872417,pg,0.584114125438,0.0213495503655,vote,1.47532840892,0.0201602741797,worker,1.34497525251,0.0261243196792,wilson,1.30113265128,0.0209275709848,brazil,1.03892800672,0.017424017424,ground,1.87558031534,0.0204742966564
139,change,1.91667670438,0.0194016022672,hobbit,0.357620085633,0.0189766872417,god,2.06581631431,0.0210260723297,marijuana,0.980132865812,0.0201602741797,thanks,2.06505108741,0.0260097393297,change,1.91667670438,0.020873072102,card,1.83925491537,0.017424017424,land,1.84061626891,0.0203760985909
140,wait,2.06863733736,0.0193471033844,let,2.05775343453,0.0188746620415,guess,2.07302037535,0.0209613767225,action,1.72521630149,0.0200594728088,week,1.95408502672,0.025952449155,lol,1.96546331518,0.0208185732192,news,1.67143646564,0.017325017325,sex,1.59779140432,0.0203760985909
141,move,2.04152921505,0.0192381056188,title,2.02249044508,0.0186706116411,george,1.73696979748,0.0208966811154,fire,1.91386237937,0.0200090721234,mean,2.07219203923,0.0257805786308,please,2.06907481156,0.0207640743365,beat,1.81078862864,0.0172755172755,missile,0.703759283865,0.0203269995581
142,draft,1.12115491141,0.0191836067361,disney,0.661881044593,0.0186706116411,curry,0.43511369802,0.0206378986867,today,2.03554369078,0.0200090721234,tell,2.02846593849,0.0256087081066,bronco,0.289674387022,0.0206550765709,everything,2.05221001097,0.0169785169785,game,1.61903245986,0.0202779005254
143,life,1.98980035185,0.0190746089705,batman,0.629365989934,0.0186706116411,idea,2.02976652006,0.0205085074723,shoot,1.86778092302,0.0199586714379,kid,1.99781497585,0.0256087081066,move,2.04152921505,0.0206550765709,job,1.85766536957,0.01683001683,pay,1.77741876905,0.0201797024599
144,rule,2.00352480623,0.0186386179083,girl,1.8187189423,0.018619599041,chris,1.61319144084,0.020379116258,department,1.33381688574,0.0199586714379,post,1.99819273024,0.0252649670581,johnson,1.57834486976,0.0204915799226,joke,2.05667619732,0.0166815166815,member,1.74992538844,0.0201797024599
145,habs,0.0,0.0185841190256,oscar,0.994733255278,0.0185175738407,show,2.02401548938,0.0203144206508,wait,2.06863733736,0.0199082707525,marijuana,0.980132865812,0.0252076768834,place,2.02292934873,0.0204370810398,face,2.0607984495,0.0163845163845,threat,1.71334502303,0.0201797024599
146,buffalo,0.89435694364,0.0185296201428,trilogy,0.161316283742,0.0184665612406,record,2.00457799748,0.0202497250437,record,2.00457799748,0.0199082707525,rule,2.00352480623,0.0250930965339,wait,2.06863733736,0.020164586626,performance,1.64212612864,0.016335016335,stop,1.93742582814,0.0199833063289
147,kid,1.99781497585,0.0183661234945,audience,1.12448341609,0.0184665612406,conference,1.58959553244,0.0201203338293,mean,2.07219203923,0.0199082707525,clinton,0.698053516434,0.0249212260097,hand,2.06754887173,0.020164586626,mourinho,0.0,0.016335016335,google,1.90826900297,0.0199833063289
148,pm,1.5473704663,0.0183661234945,sound,2.03913009794,0.0180584604397,bench,1.27574663281,0.0200556382222,cost,1.77701899464,0.0197570686961,service,1.58759393458,0.0249212260097,word,2.05597741447,0.020164586626,stadium,1.4187165024,0.0160875160875,yes,2.05594373083,0.0198851082634
149,mean,2.07219203923,0.0181481279634,music,1.72522267312,0.0178544100393,westbrook,0.103224354114,0.019990942615,hope,2.06721495997,0.0195554659543,decision,1.94893370256,0.024863935835,saint,1.15186347171,0.0198375933293,form,1.96538882846,0.0160875160875,side,2.01854897641,0.0198851082634
150,conference,1.58959553244,0.0181481279634,talk,1.97867460547,0.0177013722389,head,2.0448904463,0.0197968557935,hell,2.06959063426,0.0195050652689,course,2.02829795532,0.0248066456603,joke,2.05667619732,0.0197830944466,costa,0.0965237615724,0.0159885159885,act,1.81281264874,0.0198360092306
151,money,1.90457828263,0.0179846313151,head,2.0448904463,0.0176503596388,round,1.59465308686,0.0197321601863,claim,1.7482522048,0.0195050652689,college,1.82381292615,0.0245774849613,city,1.9267784267,0.0196195977982,problem,1.90013501034,0.0158895158895,yahoo,1.89627533902,0.0197378111651
152,help,2.04261561672,0.0179301324323,spoiler,1.26609162088,0.0175483344386,joke,2.05667619732,0.0196674645792,rule,2.00352480623,0.0194546645834,gay,1.636987217,0.0243483242624,show,2.02401548938,0.0194016022672,hell,2.06959063426,0.015642015642,situation,2.00427977613,0.0197378111651
153,york,1.92899547191,0.0179301324323,weekend,1.85996287327,0.0175483344386,block,1.81442473036,0.0194733777577,water,1.85968347024,0.0193538632125,interest,1.87553033132,0.0242910340877,throw,1.90088987451,0.0194016022672,loan,1.34625317635,0.015444015444,course,2.02829795532,0.0195905140669
154,word,2.05597741447,0.0178756335495,joke,2.05667619732,0.0174973218385,blazer,0.170929015413,0.0194733777577,act,1.81281264874,0.0193034625271,child,1.70289173352,0.0240618733887,dude,1.95531470793,0.0191836067361,head,2.0448904463,0.015246015246,company,1.51435741332,0.0195905140669
155,career,1.73110351698,0.0178211346667,eye,2.04416034075,0.017293271438,fact,2.02639920826,0.0194086821505,dollar,1.83724202085,0.0192530618416,abortion,0.71115499639,0.0238900028645,home,2.01697523162,0.0190201100877,course,2.02829795532,0.015246015246,space,1.95990475497,0.0195414150341
156,joke,2.05667619732,0.0176031391356,moment,2.01118807036,0.017293271438,mean,2.07219203923,0.0191498997218,rape,1.48760922851,0.0191522604707,hand,2.06754887173,0.023775422515,aaron,1.02993668096,0.0190201100877,title,2.02249044508,0.015147015147,party,1.41356690429,0.0194923160014
157,win,1.85585407717,0.0175486402529,power,1.86786997288,0.0170382084375,face,2.0607984495,0.0189558129003,phone,1.92422062813,0.0191018597853,hate,2.05693394463,0.023775422515,receiver,0.219869018056,0.018965611205,yes,2.05594373083,0.015147015147,guess,2.07302037535,0.0191977218049
158,canadiens,0.0542847607981,0.017276145839,friend,2.06200444517,0.0169361832373,bill,1.69435482207,0.0188911172931,food,1.76014508013,0.0190514590998,stop,1.93742582814,0.0236035519908,schefter,0.0,0.0187476156739,moyes,0.0592543730623,0.0150975150975,strike,1.71425378624,0.0189522266411
159,picture,1.96682307397,0.0172216469562,hero,1.75726684821,0.0168851706371,moment,2.01118807036,0.0188911172931,oil,1.42547627472,0.0190010584144,percent,1.32867071178,0.0233743912919,sort,2.01381345592,0.0186931167911,shot,1.9468502848,0.0148995148995,god,2.06581631431,0.0189522266411
160,use,1.96084724642,0.0172216469562,gonna,1.99699558389,0.016834158037,word,2.05597741447,0.0187617260788,u,1.96454704148,0.0186986543017,leader,1.59606481346,0.0233171011172,stadium,1.4187165024,0.0186931167911,help,2.04261561672,0.0148995148995,shot,1.9468502848,0.0188049295429
161,job,1.85766536957,0.0171126491907,help,2.04261561672,0.0162730194358,bosh,0.0566906693377,0.0186970304716,america,1.64931297694,0.0186986543017,home,2.01697523162,0.0232598109424,loss,1.89180970402,0.0185841190256,tottenham,0.051759617897,0.0148995148995,movie,0.429693058089,0.0188049295429
162,hit,1.91838313139,0.0170581503079,screen,1.37623144837,0.0162730194358,help,2.04261561672,0.0186323348645,yahoo,1.89627533902,0.0185978529308,opinion,2.02150123899,0.023145230593,pas,1.9145194068,0.0182026268461,damn,2.01289648514,0.01485001485,population,1.52537972612,0.0187558305101
163,discus,1.53157331346,0.0170581503079,cast,0.950640301982,0.0162730194358,half,2.06515247839,0.0186323348645,threat,1.71334502303,0.0185978529308,program,1.53410048127,0.0230879404182,case,1.86393957024,0.0180936290806,lol,1.96546331518,0.014751014751,hell,2.06959063426,0.0187067314774
164,jet,1.38659236024,0.0170036514251,care,1.95540920622,0.0160689690354,durant,0.081610850439,0.0185676392573,decision,1.94893370256,0.0185978529308,side,2.01854897641,0.0230879404182,rule,2.00352480623,0.0180391301978,wc,0.530518533189,0.014751014751,cause,1.98541127274,0.0184612363136
165,sorry,2.04317345262,0.0165131614802,terminator,0.239379558188,0.015915931235,tell,2.02846593849,0.0185029436501,indictment,0.467759883466,0.0185474522454,le,2.02711830775,0.0226296190203,championship,1.31343734914,0.0180391301978,use,1.96084724642,0.0147015147015,jew,1.01624723625,0.0184612363136
166,period,1.90639319031,0.0164041637146,stuff,2.05017180683,0.015915931235,please,2.06907481156,0.0182441612215,sense,2.06430577359,0.0185474522454,department,1.33381688574,0.0226296190203,event,1.94796226851,0.0179846313151,cunt,1.41065984319,0.0147015147015,hate,2.05693394463,0.0184121372809
167,blackhawks,0.175678463868,0.0159681726525,michael,1.84221506702,0.0158649186349,throw,1.90088987451,0.0182441612215,line,1.96424988451,0.0184466508745,paul,1.58396206487,0.0225723288456,care,1.95540920622,0.0178756335495,god,2.06581631431,0.0147015147015,hostage,0.759816314166,0.0183139392154
168,sabre,0.193759780206,0.0158591748869,dude,1.95531470793,0.0158649186349,tonight,1.57686151568,0.0179853787928,course,2.02829795532,0.0181946474472,judge,1.48481929872,0.0225150386709,face,2.0607984495,0.0177121369012,cristiano,0.0700677519388,0.014553014553,religion,1.34124626355,0.0181175430844
169,make,2.06863206769,0.0156411793558,bond,0.93754101585,0.0158139060348,place,2.02292934873,0.0179206831856,ebola,1.00505432991,0.0180938460763,benefit,1.55124812984,0.0224577484961,ram,0.61339842025,0.0176031391356,example,2.03837262422,0.014553014553,matter,2.02353437237,0.0180684440517
170,defense,1.79701974184,0.0156411793558,question,2.0596739056,0.0158139060348,everything,2.05221001097,0.0177265963641,order,1.93335415376,0.0180938460763,market,1.9036262898,0.0224577484961,wr,0.0781006163401,0.0173851436046,career,1.73110351698,0.014355014355,sound,2.03913009794,0.0180684440517
171,tampa,0.947703055378,0.0155321815903,start,2.06727925484,0.0155588430342,medium,2.04794079482,0.0177265963641,nytimes,1.32163750894,0.0178418426491,poll,1.3914443056,0.0224577484961,everything,2.05221001097,0.0171671480735,doubt,2.0671177287,0.014355014355,aid,1.29706901094,0.0180193450189
172,islander,0.3425939475,0.0153141860592,dawn,0.79882524035,0.015456817834,rule,2.00352480623,0.0177265963641,california,1.49228488367,0.0177914419636,order,1.93335415376,0.0222285877972,news,1.67143646564,0.0170036514251,vine,1.30533729611,0.0142065142065,body,1.93038307912,0.0179702459862
173,state,1.58884505587,0.0152051882936,history,2.02296164809,0.0154058052339,parker,0.870563253076,0.0175972051498,victim,1.45764655229,0.0177914419636,yes,2.05594373083,0.0222285877972,franchise,1.54081252244,0.0169491525424,france,1.42717961753,0.014157014157,internet,1.74887236866,0.0178720479207
174,month,2.02809147288,0.0152051882936,credit,1.97484439059,0.0153547926338,agent,1.79138089985,0.0174031183283,racist,1.77229968719,0.0177410412782,warren,0.492495602605,0.0219994270983,offense,1.58574211279,0.0169491525424,wait,2.06863733736,0.014058014058,bit,2.02773435866,0.0178229488879
175,edmonton,0.260075792339,0.0151506894109,news,1.67143646564,0.0150997296332,pt,1.07609480776,0.0173384227211,camera,1.8397555971,0.0176906405927,sander,0.832395993065,0.0219994270983,help,2.04261561672,0.0168946536596,stage,1.58311823541,0.0140085140085,tell,2.02846593849,0.0178229488879
176,yes,2.05594373083,0.0149871927625,battle,1.88416541753,0.014997704433,mvp,0.941454028569,0.0171443358996,york,1.92899547191,0.0175394385364,hell,2.06959063426,0.0218848467488,story,1.89049115874,0.0168946536596,level,2.05948046701,0.0139095139095,fight,1.94589499709,0.0177247508224
177,medium,2.04794079482,0.0149326938798,captain,1.44268411199,0.014997704433,kd,0.05779390851,0.0171443358996,start,2.06727925484,0.0174386371655,hour,1.99392820223,0.0216556860498,sense,2.06430577359,0.0168946536596,care,1.95540920622,0.0138105138105,europe,1.49530497836,0.0176265527569
178,net,1.96188505902,0.014878194997,dark,1.45634001993,0.014997704433,take,2.04933592723,0.0169502490781,attack,1.67327285717,0.01738823648,story,1.89049115874,0.0216556860498,mind,2.06452769789,0.0167311570113,fun,1.98066127753,0.013761013761,food,1.76014508013,0.0175774537242
179,official,1.8086757285,0.0147691972315,awakens,0.212922317864,0.0149466918329,quarter,1.63814804506,0.0165620754351,head,2.0448904463,0.01738823648,budget,1.46850936424,0.0215983958751,afc,0.256963914446,0.016567660363,try,2.07048264004,0.0136125136125,deal,1.97492964089,0.0175283546914
180,moment,2.01118807036,0.0147146983487,return,2.02159342806,0.0148446666327,portland,0.95611188112,0.0164973798279,test,1.85547568983,0.01738823648,cause,1.98541127274,0.0215983958751,gfycat,1.2812742701,0.0165131614802,gif,1.56119770848,0.0135135135135,wait,2.06863733736,0.0173319585604
181,try,2.07048264004,0.0146057005831,youtu,1.8083366499,0.0147936540325,smith,1.52667149594,0.0164973798279,situation,2.00427977613,0.0172874351091,student,1.44639284379,0.0215411057004,cap,1.28579311644,0.0165131614802,support,1.76366190389,0.0135135135135,try,2.07048264004,0.0172337604949
182,x,1.9188020341,0.0145512017004,horror,1.14242465045,0.0147936540325,change,1.91667670438,0.0163679886136,photo,1.91827782984,0.0172370344237,industry,1.41759892107,0.0215411057004,state,1.58884505587,0.0163496648319,la,1.81146579106,0.0135135135135,murder,1.48158859822,0.0172337604949
183,opinion,2.02150123899,0.0144967028176,case,1.86393957024,0.0146406162322,wait,2.06863733736,0.0163032930064,control,1.64591040019,0.0171362330528,evidence,1.60574813351,0.0214265253509,bit,2.02773435866,0.0161861681836,quality,1.96442223596,0.0135135135135,issue,1.81522152942,0.0172337604949
184,kane,0.502851685869,0.0144967028176,imdb,0.443692932311,0.0146406162322,make,2.06863206769,0.0163032930064,release,1.72493983987,0.0171362330528,right,2.05193989627,0.0213692351762,murray,1.13857945496,0.016077170418,maria,0.538230462217,0.013464013464,join,1.96312201388,0.0170864633967
185,shootout,0.863636871729,0.014387705052,make,2.06863206769,0.0146406162322,gif,1.56119770848,0.0162385973992,guess,2.07302037535,0.0171362330528,difference,2.00361364284,0.0213119450014,half,2.06515247839,0.0160226715352,mate,1.44223842546,0.0133155133155,tax,1.19594772471,0.0170373643639
186,olympics,1.16294806474,0.0143332061693,others,2.03543580255,0.0145896036321,jackson,1.45570172902,0.0161092061849,make,2.06863206769,0.0170858323673,make,2.06863206769,0.021197364652,run,1.98493971544,0.0158046760041,u,1.96454704148,0.013266013266,men,1.90783517445,0.0168900672657
187,mind,2.06452769789,0.0142787072865,fight,1.94589499709,0.014538591032,johnson,1.57834486976,0.0159798149706,reuters,1.07555256046,0.0169850309964,politician,1.08711423438,0.0210827843025,make,2.06863206769,0.0157501771214,night,1.92907923713,0.0132165132165,head,2.0448904463,0.0168409682329
188,stuff,2.05017180683,0.0141152106382,date,1.77208050033,0.014538591032,carmelo,0.0614835253537,0.0159151193634,amount,2.04991845982,0.0168842296255,video,2.05151691115,0.020968203953,person,1.95110856405,0.0157501771214,di,0.247740022242,0.013167013167,security,1.50313658124,0.0167427701674
189,sound,2.03913009794,0.0141152106382,art,1.25015186654,0.0144365658318,care,1.95540920622,0.0159151193634,town,1.93092735052,0.0168338289401,u,1.96454704148,0.0209109137783,problem,1.90013501034,0.0156956782386,medium,2.04794079482,0.0131175131175,fighter,1.21108680654,0.0167427701674
190,division,1.32745740848,0.0141152106382,superhero,0.315234035376,0.0144365658318,sun,1.44815052932,0.0159151193634,health,1.32658987885,0.0168338289401,vice,1.52928740484,0.0208536236036,smith,1.52667149594,0.0155866804731,coach,1.3748476363,0.013068013068,france,1.42717961753,0.0166936711347
191,matter,2.02353437237,0.0140607117554,park,1.82445341743,0.0143855532316,title,2.02249044508,0.0158504237562,talk,1.97867460547,0.0167834282546,marriage,1.06889592925,0.0207390432541,charger,0.409114072405,0.0155866804731,mexico,1.55242661805,0.0130185130185,flight,1.54383637358,0.0166445721019
192,gold,1.99369208363,0.0140062128726,tom,1.31751798703,0.0143855532316,rookie,1.18695206777,0.0157857281491,texas,1.47404860536,0.0167834282546,medium,2.04794079482,0.0206244629046,joe,1.88990288044,0.0155321815903,tv,2.00987547458,0.012969012969,face,2.0607984495,0.0164972750037
193,dallas,1.54974545959,0.0140062128726,channel,1.68026875988,0.0143345406315,rebound,0.413359280059,0.0157210325419,gas,1.37409003978,0.0167330275692,cut,1.97526818577,0.0204525923804,jones,1.7614730492,0.0154776827075,others,2.03543580255,0.0129195129195,start,2.06727925484,0.0164972750037
194,case,1.86393957024,0.0139517139899,co,1.56978844894,0.0143345406315,davis,1.20020629334,0.0156563369347,office,1.69801239362,0.0165818255128,administration,1.0605311857,0.0203953022057,use,1.96084724642,0.0153141860592,change,1.91667670438,0.0128205128205,crash,1.44228137799,0.0164481759709
195,stick,1.66169099258,0.0139517139899,review,1.54496558805,0.0143345406315,mind,2.06452769789,0.0155916413276,stop,1.93742582814,0.0164810241419,level,2.05948046701,0.0203953022057,belichick,0.0852836685263,0.0151506894109,report,1.94226193437,0.012771012771,invasion,1.00748273628,0.0163990769382
196,problem,1.90013501034,0.0137882173415,team,1.56052866351,0.0142835280314,report,1.94226193437,0.0155916413276,yes,2.05594373083,0.016380222771,choice,1.99014732442,0.0203380120309,giant,1.77346172096,0.0151506894109,result,2.00381308524,0.012771012771,make,2.06863206769,0.0163990769382
197,louis,1.49293567551,0.0135702218105,problem,1.90013501034,0.0142835280314,decision,1.94893370256,0.0155916413276,street,1.75003262525,0.016380222771,union,1.45409946092,0.0202234316815,dallas,1.54974545959,0.0150961905281,case,1.86393957024,0.0127215127215,kid,1.99781497585,0.0163499779054
198,sense,2.06430577359,0.0135702218105,space,1.95990475497,0.0141304902311,case,1.86393957024,0.0155269457204,game,1.61903245986,0.0163298220856,please,2.06907481156,0.020108851332,er,1.30070096421,0.0150416916453,everton,0.0318990435774,0.012672012672,please,2.06907481156,0.0163499779054
199,john,1.96028094411,0.0135702218105,photo,1.91827782984,0.0140284650309,youtu,1.8083366499,0.0155269457204,others,2.03543580255,0.0162290207147,politico,0.473556191862,0.020108851332,agent,1.79138089985,0.0149871927625,round,1.59465308686,0.0126225126225,watch,1.90434886009,0.0162517798399
