,word,probability
401,number,0.0693641618497
801,game,0.0443159922929
54,team,0.0298651252408
340,year,0.02408477842
718,player,0.0221579961464
496,play,0.019267822736
638,goal,0.0183044315992
55,imgur,0.0173410404624
56,guy,0.0163776493256
1031,time,0.0154142581888
832,people,0.014450867052
834,twitter,0.0134874759152
432,season,0.0134874759152
551,hockey,0.0134874759152
35,fan,0.0134874759152
910,playoff,0.0115606936416
884,r,0.00963391136802
384,thing,0.00963391136802
883,post,0.00867052023121
431,lot,0.00867052023121
951,line,0.00867052023121
653,point,0.00770712909441
420,anyone,0.00770712909441
928,way,0.00770712909441
602,sport,0.00770712909441
185,v,0.00770712909441
203,something,0.00770712909441
559,get,0.00674373795761
308,day,0.00674373795761
980,youtube,0.00674373795761
444,kind,0.00674373795761
779,cup,0.00674373795761
378,thread,0.00674373795761
147,call,0.00674373795761
256,talk,0.00674373795761
649,jersey,0.00674373795761
989,shit,0.00578034682081
10,avalanche,0.00578034682081
99,let,0.00578034682081
641,contract,0.00578034682081
1013,chance,0.00578034682081
314,edit,0.00578034682081
266,trade,0.00578034682081
555,goalie,0.00578034682081
334,series,0.00578034682081
701,look,0.00578034682081
804,world,0.00481695568401
899,flair,0.00481695568401
632,league,0.00481695568401
618,reddit,0.00481695568401
610,please,0.00481695568401
650,comment,0.00481695568401
594,see,0.00481695568401
982,life,0.00481695568401
290,someone,0.00481695568401
398,nhl,0.00481695568401
14,hate,0.00481695568401
903,colorado,0.00481695568401
955,penguin,0.00481695568401
178,cap,0.00481695568401
822,night,0.00481695568401
364,guess,0.00481695568401
117,pick,0.00481695568401
331,everyone,0.00481695568401
516,face,0.00481695568401
1005,star,0.00481695568401
574,gfycat,0.00481695568401
240,man,0.00481695568401
194,stream,0.00385356454721
748,yeah,0.00385356454721
474,tonight,0.00385356454721
829,right,0.00385356454721
26,sorry,0.00385356454721
920,question,0.00385356454721
732,week,0.00385356454721
344,canada,0.00385356454721
199,fuck,0.00385356454721
986,av,0.00385356454721
152,today,0.00385356454721
122,love,0.00385356454721
1012,town,0.00385356454721
525,show,0.00385356454721
658,pm,0.00385356454721
271,hell,0.00385356454721
857,ice,0.00385356454721
571,canuck,0.00385356454721
1029,jacket,0.00385356454721
679,pk,0.00385356454721
57,round,0.00385356454721
851,leaf,0.00385356454721
238,hawk,0.00385356454721
845,home,0.00385356454721
563,watch,0.00385356454721
891,anything,0.00385356454721
358,cause,0.00385356454721
353,rd,0.0028901734104
125,win,0.0028901734104
371,york,0.0028901734104
131,duck,0.0028901734104
255,wing,0.0028901734104
368,reason,0.0028901734104
784,sochi,0.0028901734104
165,coyote,0.0028901734104
921,hey,0.0028901734104
935,head,0.0028901734104
164,stick,0.0028901734104
811,loss,0.0028901734104
151,tell,0.0028901734104
418,top,0.0028901734104
936,medium,0.0028901734104
159,haha,0.0028901734104
805,bit,0.0028901734104
341,logo,0.0028901734104
390,nbcsports,0.0028901734104
392,think,0.0028901734104
633,gwg,0.0028901734104
769,thanks,0.0028901734104
150,preview,0.0028901734104
326,injury,0.0028901734104
213,discussion,0.0028901734104
601,stanley,0.0028901734104
84,version,0.0028901734104
697,fanbase,0.0028901734104
1035,lineup,0.0028901734104
979,cbj,0.0028901734104
1000,trash,0.0028901734104
65,sign,0.0028901734104
297,predator,0.0028901734104
500,price,0.0028901734104
119,loses,0.0028901734104
882,oiler,0.0028901734104
503,plan,0.0028901734104
677,interest,0.0028901734104
287,dustin,0.0028901734104
513,chicago,0.0028901734104
685,mike,0.0028901734104
523,shot,0.0028901734104
613,state,0.0028901734104
524,gold,0.0028901734104
468,gif,0.0028901734104
1009,scrum,0.0028901734104
98,ranger,0.0028901734104
263,move,0.0028901734104
105,wait,0.0028901734104
116,amount,0.0028901734104
864,leader,0.0028901734104
259,help,0.0028901734104
556,hope,0.0028901734104
39,cool,0.0028901734104
38,minute,0.0028901734104
115,credit,0.0028901734104
794,complains,0.0019267822736
855,hurricane,0.0019267822736
257,cute,0.0019267822736
356,surprise,0.0019267822736
800,gonna,0.0019267822736
859,everything,0.0019267822736
624,prohockeytalk,0.0019267822736
276,thank,0.0019267822736
289,non,0.0019267822736
318,cdn1,0.0019267822736
604,wonder,0.0019267822736
826,bruin,0.0019267822736
816,patrick,0.0019267822736
814,defensemen,0.0019267822736
313,reimer,0.0019267822736
312,name,0.0019267822736
309,bank,0.0019267822736
831,deal,0.0019267822736
810,shoulder,0.0019267822736
337,owner,0.0019267822736
609,wow,0.0019267822736
303,half,0.0019267822736
835,gamecenter,0.0019267822736
627,kristers,0.0019267822736
342,girl,0.0019267822736
299,lunch,0.0019267822736
652,co,0.0019267822736
414,espn,0.0019267822736
793,march,0.0019267822736
699,case,0.0019267822736
684,field,0.0019267822736
508,drought,0.0019267822736
506,nothing,0.0019267822736
499,track,0.0019267822736
498,roster,0.0019267822736
581,gotta,0.0019267822736
700,holiday,0.0019267822736
362,arizona,0.0019267822736
492,power,0.0019267822736
491,majority,0.0019267822736
490,offer,0.0019267822736
705,trick,0.0019267822736
483,issue,0.0019267822736
480,ray,0.0019267822736
520,fact,0.0019267822736
526,wikipedia,0.0019267822736
531,bring,0.0019267822736
532,canadiens,0.0019267822736
676,damn,0.0019267822736
674,beer,0.0019267822736
538,find,0.0019267822736
671,carey,0.0019267822736
665,pp,0.0019267822736
664,speak,0.0019267822736
580,x,0.0019267822736
577,landeskog,0.0019267822736
552,money,0.0019267822736
560,beat,0.0019267822736
656,period,0.0019267822736
562,capital,0.0019267822736
565,nordiques,0.0019267822736
478,need,0.0019267822736
476,buy,0.0019267822736
475,halak,0.0019267822736
593,edition,0.0019267822736
363,friday,0.0019267822736
369,flyer,0.0019267822736
787,board,0.0019267822736
374,sabre,0.0019267822736
785,realize,0.0019267822736
628,franchise,0.0019267822736
775,gt,0.0019267822736
397,feel,0.0019267822736
766,rest,0.0019267822736
765,edmonton,0.0019267822736
403,jesus,0.0019267822736
406,vote,0.0019267822736
411,story,0.0019267822736
755,mlb,0.0019267822736
637,career,0.0019267822736
470,mind,0.0019267822736
752,youre,0.0019267822736
751,management,0.0019267822736
750,center,0.0019267822736
587,fair,0.0019267822736
640,pronger,0.0019267822736
438,part,0.0019267822736
445,b,0.0019267822736
451,youtu,0.0019267822736
456,future,0.0019267822736
720,im,0.0019267822736
462,bet,0.0019267822736
643,assure,0.0019267822736
465,blackhawks,0.0019267822736
469,boston,0.0019267822736
728,make,0.0019267822736
1037,igloo,0.0019267822736
129,crosby,0.0019267822736
124,russia,0.0019267822736
127,crazy,0.0019267822736
956,count,0.0019267822736
135,standing,0.0019267822736
948,link,0.0019267822736
947,shootout,0.0019267822736
143,dude,0.0019267822736
146,camera,0.0019267822736
155,thescore,0.0019267822736
937,stadium,0.0019267822736
162,phone,0.0019267822736
167,rivalry,0.0019267822736
168,hockeysfuture,0.0019267822736
169,glad,0.0019267822736
171,shoot,0.0019267822736
930,hertl,0.0019267822736
929,house,0.0019267822736
175,room,0.0019267822736
176,hour,0.0019267822736
181,mt,0.0019267822736
183,boyle,0.0019267822736
924,los,0.0019267822736
923,fight,0.0019267822736
189,example,0.0019267822736
192,heart,0.0019267822736
193,shark,0.0019267822736
918,support,0.0019267822736
913,yahoo,0.0019267822736
126,app,0.0019267822736
961,wish,0.0019267822736
210,end,0.0019267822736
965,work,0.0019267822736
6,dollar,0.0019267822736
12,sbnation,0.0019267822736
13,captain,0.0019267822736
1028,rule,0.0019267822736
17,tv,0.0019267822736
22,tampa,0.0019267822736
23,th,0.0019267822736
25,lord,0.0019267822736
27,worth,0.0019267822736
30,risk,0.0019267822736
32,song,0.0019267822736
37,difference,0.0019267822736
44,level,0.0019267822736
45,louis,0.0019267822736
49,christmas,0.0019267822736
1008,org,0.0019267822736
1003,picture,0.0019267822736
68,cost,0.0019267822736
69,design,0.0019267822736
70,quebec,0.0019267822736
78,sub,0.0019267822736
79,hfboards,0.0019267822736
86,view,0.0019267822736
91,bandwagon,0.0019267822736
97,water,0.0019267822736
971,highlight,0.0019267822736
109,ref,0.0019267822736
907,ahl,0.0019267822736
616,europe,0.0019267822736
246,bjorkstrand,0.0019267822736
900,wanna,0.0019267822736
895,angeles,0.0019267822736
887,trophy,0.0019267822736
876,pressure,0.0019267822736
225,subban,0.0019267822736
220,vancouver,0.0019267822736
885,super,0.0019267822736
686,referee,0.000963391136802
858,entertainment,0.000963391136802
687,roy,0.000963391136802
688,fade,0.000963391136802
828,soccer,0.000963391136802
689,verizon,0.000963391136802
690,michal,0.000963391136802
991,borowiecki,0.000963391136802
691,bath,0.000963391136802
692,andrej,0.000963391136802
988,campus,0.000963391136802
693,yotes,0.000963391136802
990,tronna,0.000963391136802
992,idiot,0.000963391136802
694,douchebaggery,0.000963391136802
683,location,0.000963391136802
1001,roll,0.000963391136802
673,pb,0.000963391136802
999,tie,0.000963391136802
675,drank,0.000963391136802
998,np,0.000963391136802
997,bertuzzi,0.000963391136802
996,ny,0.000963391136802
861,aussie,0.000963391136802
678,richards,0.000963391136802
860,deficit,0.000963391136802
680,territory,0.000963391136802
681,meeting,0.000963391136802
881,coors,0.000963391136802
995,til,0.000963391136802
994,detail,0.000963391136802
993,eller,0.000963391136802
682,empty,0.000963391136802
987,az,0.000963391136802
696,instant,0.000963391136802
695,understand,0.000963391136802
707,momentum,0.000963391136802
708,editorial,0.000963391136802
709,divisione,0.000963391136802
854,bottom,0.000963391136802
710,fun,0.000963391136802
970,mtl,0.000963391136802
711,situation,0.000963391136802
969,minor,0.000963391136802
968,complaint,0.000963391136802
967,un,0.000963391136802
712,guide,0.000963391136802
713,procedure,0.000963391136802
714,dreamteam,0.000963391136802
888,stone,0.000963391136802
966,record,0.000963391136802
853,lead,0.000963391136802
972,grass,0.000963391136802
706,conspiracy,0.000963391136802
985,replica,0.000963391136802
973,powerless,0.000963391136802
1002,nice,0.000963391136802
984,weston,0.000963391136802
886,security,0.000963391136802
983,pig,0.000963391136802
981,pic,0.000963391136802
698,snipe,0.000963391136802
856,audience,0.000963391136802
978,johnny,0.000963391136802
977,ad,0.000963391136802
976,camp,0.000963391136802
975,sort,0.000963391136802
974,sponsor,0.000963391136802
702,plain,0.000963391136802
703,bill,0.000963391136802
704,appearance,0.000963391136802
672,mark,0.000963391136802
667,raise,0.000963391136802
670,come,0.000963391136802
630,kes,0.000963391136802
1027,mask,0.000963391136802
868,noise,0.000963391136802
1026,martin,0.000963391136802
1025,age,0.000963391136802
634,drum,0.000963391136802
635,reverse,0.000963391136802
636,met,0.000963391136802
1024,excuse,0.000963391136802
1023,edmontonoilers,0.000963391136802
875,stem,0.000963391136802
639,panther,0.000963391136802
1022,ribiero,0.000963391136802
642,minus,0.000963391136802
867,islander,0.000963391136802
1021,googleusercontent,0.000963391136802
631,bronze,0.000963391136802
629,article,0.000963391136802
669,mediacru,0.000963391136802
869,run,0.000963391136802
619,henrik,0.000963391136802
620,fluery,0.000963391136802
1036,buffalo,0.000963391136802
621,screen,0.000963391136802
622,complain,0.000963391136802
1034,yell,0.000963391136802
1033,wake,0.000963391136802
623,blame,0.000963391136802
872,burn,0.000963391136802
625,job,0.000963391136802
626,joe,0.000963391136802
1032,iihf,0.000963391136802
1030,dot,0.000963391136802
871,bc,0.000963391136802
870,bb,0.000963391136802
644,admit,0.000963391136802
645,alot,0.000963391136802
1020,jones,0.000963391136802
646,mile,0.000963391136802
1010,distance,0.000963391136802
863,beating,0.000963391136802
862,pee,0.000963391136802
659,yelling,0.000963391136802
660,alberquerque,0.000963391136802
1007,girardi,0.000963391136802
1006,monday,0.000963391136802
661,news,0.000963391136802
662,rpi,0.000963391136802
663,trust,0.000963391136802
1004,championship,0.000963391136802
880,bolt,0.000963391136802
666,yay,0.000963391136802
716,mexico,0.000963391136802
668,marc,0.000963391136802
657,dispatch,0.000963391136802
1011,stay,0.000963391136802
879,anisimov,0.000963391136802
651,pre,0.000963391136802
647,mean,0.000963391136802
877,host,0.000963391136802
648,niederreiter,0.000963391136802
1019,upwards,0.000963391136802
866,everybody,0.000963391136802
1018,pool,0.000963391136802
1017,sundin,0.000963391136802
878,leadership,0.000963391136802
1016,lightning,0.000963391136802
654,wall,0.000963391136802
865,bromance,0.000963391136802
655,others,0.000963391136802
1015,zermatt,0.000963391136802
1014,coverage,0.000963391136802
715,cane,0.000963391136802
963,bucket,0.000963391136802
964,flip,0.000963391136802
839,hair,0.000963391136802
789,joke,0.000963391136802
790,stadoum,0.000963391136802
791,match,0.000963391136802
838,blow,0.000963391136802
837,bounce,0.000963391136802
894,favorite,0.000963391136802
792,rafter,0.000963391136802
836,begin,0.000963391136802
927,gudevskis,0.000963391136802
926,heatley,0.000963391136802
795,fate,0.000963391136802
796,gifs,0.000963391136802
797,couple,0.000963391136802
925,anderson,0.000963391136802
798,capgeek,0.000963391136802
931,canuckleheads,0.000963391136802
788,consideration,0.000963391136802
896,idk,0.000963391136802
932,footage,0.000963391136802
938,mosienko,0.000963391136802
776,alum,0.000963391136802
777,cut,0.000963391136802
893,violence,0.000963391136802
778,wee,0.000963391136802
780,thinking,0.000963391136802
781,byfuglien,0.000963391136802
782,measure,0.000963391136802
934,opponent,0.000963391136802
783,smith,0.000963391136802
933,shhh,0.000963391136802
842,palm,0.000963391136802
841,hassle,0.000963391136802
786,bryz,0.000963391136802
840,understood,0.000963391136802
799,stralman,0.000963391136802
897,donsn,0.000963391136802
773,twimg,0.000963391136802
815,miami,0.000963391136802
911,gfy,0.000963391136802
817,glove,0.000963391136802
818,marlin,0.000963391136802
819,alamo,0.000963391136802
820,oblivion,0.000963391136802
821,blackberry,0.000963391136802
909,rice,0.000963391136802
823,leino,0.000963391136802
908,son,0.000963391136802
824,harry,0.000963391136802
825,ennis,0.000963391136802
902,outlook,0.000963391136802
906,washington,0.000963391136802
904,karlsson,0.000963391136802
905,timonen,0.000963391136802
912,promise,0.000963391136802
901,nsh,0.000963391136802
802,bitch,0.000963391136802
813,clowe,0.000963391136802
803,wisniewski,0.000963391136802
833,sends,0.000963391136802
922,submit,0.000963391136802
806,rejinald,0.000963391136802
919,suffice,0.000963391136802
898,stank,0.000963391136802
807,recipient,0.000963391136802
808,calculate,0.000963391136802
830,clinche,0.000963391136802
809,pst,0.000963391136802
917,rejoice,0.000963391136802
916,obliterates,0.000963391136802
915,leblanc,0.000963391136802
812,macarthur,0.000963391136802
914,effort,0.000963391136802
774,mcguire,0.000963391136802
939,bus,0.000963391136802
717,psh,0.000963391136802
889,ok,0.000963391136802
849,congratulate,0.000963391136802
733,infinity,0.000963391136802
734,raymond,0.000963391136802
735,mountain,0.000963391136802
736,preds,0.000963391136802
737,yesterday,0.000963391136802
957,jonathan,0.000963391136802
738,hand,0.000963391136802
739,beast,0.000963391136802
740,barber,0.000963391136802
741,user,0.000963391136802
742,decency,0.000963391136802
873,habs,0.000963391136802
848,happens,0.000963391136802
743,redneck,0.000963391136802
850,poll,0.000963391136802
731,party,0.000963391136802
745,brodeur,0.000963391136802
730,sucker,0.000963391136802
827,replacement,0.000963391136802
962,official,0.000963391136802
719,hedmen,0.000963391136802
852,intensifies,0.000963391136802
721,powerade,0.000963391136802
722,dallas,0.000963391136802
723,sits,0.000963391136802
960,kessel,0.000963391136802
724,intense,0.000963391136802
725,confirms,0.000963391136802
726,shirt,0.000963391136802
727,james,0.000963391136802
959,slope,0.000963391136802
958,entry,0.000963391136802
729,eric,0.000963391136802
744,caption,0.000963391136802
746,cartoon,0.000963391136802
772,cruiser,0.000963391136802
761,agency,0.000963391136802
844,dear,0.000963391136802
763,sentence,0.000963391136802
764,photo,0.000963391136802
945,winnipeg,0.000963391136802
944,volume,0.000963391136802
892,offseason,0.000963391136802
943,pierre,0.000963391136802
767,foot,0.000963391136802
942,cloudfront,0.000963391136802
941,bother,0.000963391136802
768,shape,0.000963391136802
940,sound,0.000963391136802
770,ps3,0.000963391136802
771,yes,0.000963391136802
843,goaltender,0.000963391136802
762,defenseman,0.000963391136802
760,tim,0.000963391136802
747,kid,0.000963391136802
759,position,0.000963391136802
954,bud,0.000963391136802
749,break,0.000963391136802
953,eat,0.000963391136802
847,tutorial,0.000963391136802
952,ha,0.000963391136802
950,rosehill,0.000963391136802
753,phil,0.000963391136802
949,hm,0.000963391136802
754,thought,0.000963391136802
846,theyre,0.000963391136802
756,prediction,0.000963391136802
890,justin,0.000963391136802
757,www2,0.000963391136802
758,deserve,0.000963391136802
946,heat,0.000963391136802
874,expansion,0.000963391136802
0,bluejacket,0.000963391136802
617,domi,0.000963391136802
239,grow,0.000963391136802
211,winter,0.000963391136802
212,january,0.000963391136802
214,finalist,0.000963391136802
215,gcl,0.000963391136802
216,apocalypse,0.000963391136802
217,brian,0.000963391136802
218,sunday,0.000963391136802
219,disturbed,0.000963391136802
221,mumps,0.000963391136802
222,option,0.000963391136802
223,answer,0.000963391136802
224,speaks,0.000963391136802
226,ft,0.000963391136802
227,beauty,0.000963391136802
228,heckling,0.000963391136802
229,mess,0.000963391136802
230,stop,0.000963391136802
231,spot,0.000963391136802
232,accessory,0.000963391136802
233,pas,0.000963391136802
234,kesler,0.000963391136802
235,boxscore,0.000963391136802
236,bahaha,0.000963391136802
209,gdts,0.000963391136802
208,motion,0.000963391136802
207,hof,0.000963391136802
188,admits,0.000963391136802
172,none,0.000963391136802
173,rook,0.000963391136802
174,word,0.000963391136802
177,setup,0.000963391136802
179,soul,0.000963391136802
180,oshie,0.000963391136802
182,vega,0.000963391136802
184,praise,0.000963391136802
186,meet,0.000963391136802
187,mackinnon,0.000963391136802
190,nino,0.000963391136802
206,boner,0.000963391136802
191,history,0.000963391136802
195,give,0.000963391136802
196,december,0.000963391136802
197,chip,0.000963391136802
198,share,0.000963391136802
200,agent,0.000963391136802
201,soup,0.000963391136802
202,heard,0.000963391136802
204,want,0.000963391136802
205,phrase,0.000963391136802
237,suck,0.000963391136802
241,refuse,0.000963391136802
615,olympics,0.000963391136802
242,ot,0.000963391136802
278,fix,0.000963391136802
279,translation,0.000963391136802
280,prodigy,0.000963391136802
281,tyler,0.000963391136802
282,suspicion,0.000963391136802
283,condition,0.000963391136802
284,myrpou,0.000963391136802
285,orange,0.000963391136802
286,pominville,0.000963391136802
288,weber,0.000963391136802
291,somebody,0.000963391136802
292,contention,0.000963391136802
293,ya,0.000963391136802
294,whatthe,0.000963391136802
295,dan,0.000963391136802
296,practice,0.000963391136802
298,dat,0.000963391136802
300,vomit,0.000963391136802
301,jamie,0.000963391136802
302,commodore,0.000963391136802
304,front,0.000963391136802
305,bar,0.000963391136802
306,yr,0.000963391136802
277,la,0.000963391136802
275,group,0.000963391136802
274,tsn,0.000963391136802
254,dream,0.000963391136802
243,issa,0.000963391136802
244,clarkson,0.000963391136802
245,backup,0.000963391136802
247,st,0.000963391136802
248,q,0.000963391136802
249,switch,0.000963391136802
250,flask,0.000963391136802
251,challenge,0.000963391136802
252,worst,0.000963391136802
253,opinion,0.000963391136802
258,bshockey,0.000963391136802
273,mayor,0.000963391136802
260,severity,0.000963391136802
261,deck,0.000963391136802
262,telecom,0.000963391136802
264,mission,0.000963391136802
265,murray,0.000963391136802
267,course,0.000963391136802
268,iginla,0.000963391136802
269,embassy,0.000963391136802
270,scott,0.000963391136802
272,gift,0.000963391136802
170,stafford,0.000963391136802
166,chairolina,0.000963391136802
163,train,0.000963391136802
161,linesman,0.000963391136802
47,list,0.000963391136802
48,ryan,0.000963391136802
50,try,0.000963391136802
51,p,0.000963391136802
52,settle,0.000963391136802
53,congrats,0.000963391136802
58,proof,0.000963391136802
59,enjoy,0.000963391136802
60,pretend,0.000963391136802
61,instagram,0.000963391136802
62,clinch,0.000963391136802
63,lane,0.000963391136802
64,columbus,0.000963391136802
66,past,0.000963391136802
67,gator,0.000963391136802
71,carle,0.000963391136802
72,buccaneer,0.000963391136802
73,lastwordonsports,0.000963391136802
74,dew,0.000963391136802
75,gm,0.000963391136802
76,depression,0.000963391136802
77,blue,0.000963391136802
80,asia,0.000963391136802
46,celebrity,0.000963391136802
43,cable,0.000963391136802
42,magic,0.000963391136802
18,jvr,0.000963391136802
2,coach,0.000963391136802
3,japan,0.000963391136802
4,consider,0.000963391136802
5,hartnell,0.000963391136802
7,month,0.000963391136802
8,yikes,0.000963391136802
9,andre,0.000963391136802
11,skate,0.000963391136802
15,bandwagoners,0.000963391136802
16,buddy,0.000963391136802
19,wizard,0.000963391136802
41,school,0.000963391136802
20,send,0.000963391136802
21,deke,0.000963391136802
24,weather,0.000963391136802
28,tavares,0.000963391136802
29,division,0.000963391136802
31,jerk,0.000963391136802
33,vlc,0.000963391136802
34,smack,0.000963391136802
36,join,0.000963391136802
40,alien,0.000963391136802
81,journalist,0.000963391136802
82,cell,0.000963391136802
83,avicii,0.000963391136802
141,sweater,0.000963391136802
128,bro,0.000963391136802
130,thursday,0.000963391136802
132,total,0.000963391136802
133,gionta,0.000963391136802
134,unit,0.000963391136802
136,use,0.000963391136802
137,attendance,0.000963391136802
138,feb,0.000963391136802
139,discus,0.000963391136802
140,prove,0.000963391136802
142,mst,0.000963391136802
121,thats,0.000963391136802
144,fairfield,0.000963391136802
145,suit,0.000963391136802
148,bobrovsky,0.000963391136802
149,buffabros,0.000963391136802
153,rick,0.000963391136802
154,possession,0.000963391136802
156,holy,0.000963391136802
157,incident,0.000963391136802
158,company,0.000963391136802
160,training,0.000963391136802
123,apple,0.000963391136802
120,honor,0.000963391136802
85,en,0.000963391136802
101,address,0.000963391136802
87,net,0.000963391136802
88,appeal,0.000963391136802
89,body,0.000963391136802
90,hero,0.000963391136802
92,bergeron,0.000963391136802
93,hahaha,0.000963391136802
94,meh,0.000963391136802
95,chosn,0.000963391136802
96,superstition,0.000963391136802
100,hjalmarsson,0.000963391136802
102,downvote,0.000963391136802
118,bucs,0.000963391136802
103,aftermath,0.000963391136802
104,change,0.000963391136802
106,arena,0.000963391136802
107,boy,0.000963391136802
108,samuelsson,0.000963391136802
110,talent,0.000963391136802
111,kunitz,0.000963391136802
112,shift,0.000963391136802
113,bot,0.000963391136802
114,experience,0.000963391136802
307,cage,0.000963391136802
310,wont,0.000963391136802
311,term,0.000963391136802
458,pietrangelo,0.000963391136802
505,organization,0.000963391136802
507,proverb,0.000963391136802
509,check,0.000963391136802
510,episode,0.000963391136802
511,netter,0.000963391136802
512,mobile,0.000963391136802
514,cover,0.000963391136802
515,drive,0.000963391136802
517,sunset,0.000963391136802
518,opts,0.000963391136802
1,sergei,0.000963391136802
521,shop,0.000963391136802
522,thomas,0.000963391136802
527,cdn,0.000963391136802
528,random,0.000963391136802
529,subreddit,0.000963391136802
530,talbot,0.000963391136802
533,manchester,0.000963391136802
534,freight,0.000963391136802
535,prosser,0.000963391136802
536,corner,0.000963391136802
537,fine,0.000963391136802
539,decade,0.000963391136802
504,letter,0.000963391136802
502,translator,0.000963391136802
501,reach,0.000963391136802
479,prust,0.000963391136802
460,outcome,0.000963391136802
461,clarksons,0.000963391136802
463,spoiler,0.000963391136802
464,prospect,0.000963391136802
466,outta,0.000963391136802
467,saitama,0.000963391136802
471,marijuana,0.000963391136802
472,brewer,0.000963391136802
473,qwebec,0.000963391136802
477,manner,0.000963391136802
481,heff,0.000963391136802
497,towards,0.000963391136802
482,havlat,0.000963391136802
484,angle,0.000963391136802
485,mil,0.000963391136802
486,drunk,0.000963391136802
487,person,0.000963391136802
488,source,0.000963391136802
489,self,0.000963391136802
493,folk,0.000963391136802
494,poster,0.000963391136802
495,netters,0.000963391136802
540,staff,0.000963391136802
541,slot,0.000963391136802
542,zahn,0.000963391136802
597,result,0.000963391136802
584,lundqvidst,0.000963391136802
585,j,0.000963391136802
586,bart,0.000963391136802
588,creator,0.000963391136802
589,nut,0.000963391136802
590,vine,0.000963391136802
591,notice,0.000963391136802
592,seat,0.000963391136802
595,defense,0.000963391136802
596,dumb,0.000963391136802
598,seam,0.000963391136802
582,sho,0.000963391136802
599,misconduct,0.000963391136802
600,fail,0.000963391136802
603,flavor,0.000963391136802
605,closer,0.000963391136802
606,closet,0.000963391136802
607,kl,0.000963391136802
608,mine,0.000963391136802
611,anaheim,0.000963391136802
612,favor,0.000963391136802
614,score,0.000963391136802
583,newspaper,0.000963391136802
579,switzerland,0.000963391136802
543,title,0.000963391136802
558,hit,0.000963391136802
544,upvote,0.000963391136802
545,winner,0.000963391136802
546,minnesota,0.000963391136802
547,junior,0.000963391136802
548,penalty,0.000963391136802
549,september,0.000963391136802
550,theme,0.000963391136802
553,employee,0.000963391136802
554,bloguin,0.000963391136802
557,info,0.000963391136802
561,luke,0.000963391136802
578,rival,0.000963391136802
564,fluid,0.000963391136802
566,multimillion,0.000963391136802
567,october,0.000963391136802
568,report,0.000963391136802
569,sedins,0.000963391136802
570,celebrate,0.000963391136802
572,enemy,0.000963391136802
573,jaguar,0.000963391136802
575,attitude,0.000963391136802
576,bay,0.000963391136802
459,video,0.000963391136802
457,flame,0.000963391136802
315,clutch,0.000963391136802
455,sweden,0.000963391136802
351,interference,0.000963391136802
352,research,0.000963391136802
354,potter,0.000963391136802
355,print,0.000963391136802
357,gov,0.000963391136802
359,red,0.000963391136802
360,dunk,0.000963391136802
361,shut,0.000963391136802
365,possibility,0.000963391136802
366,standard,0.000963391136802
367,babcock,0.000963391136802
370,dump,0.000963391136802
372,mammal,0.000963391136802
373,ask,0.000963391136802
375,generate,0.000963391136802
376,bitces,0.000963391136802
377,jet,0.000963391136802
379,agree,0.000963391136802
380,argument,0.000963391136802
381,florida,0.000963391136802
382,david,0.000963391136802
383,filter,0.000963391136802
385,audacity,0.000963391136802
350,jump,0.000963391136802
349,god,0.000963391136802
348,space,0.000963391136802
328,reemer,0.000963391136802
316,nfl,0.000963391136802
317,sweetheart,0.000963391136802
319,detroit,0.000963391136802
320,herald,0.000963391136802
321,good,0.000963391136802
322,latvia,0.000963391136802
323,victory,0.000963391136802
324,nashville,0.000963391136802
325,varlamov,0.000963391136802
327,snapcash,0.000963391136802
329,luck,0.000963391136802
347,network,0.000963391136802
330,status,0.000963391136802
332,mdo,0.000963391136802
333,generation,0.000963391136802
335,kane,0.000963391136802
336,idea,0.000963391136802
338,dubstep,0.000963391136802
339,mcdonagh,0.000963391136802
343,sunrise,0.000963391136802
345,matt,0.000963391136802
346,rw,0.000963391136802
386,lundqvist,0.000963391136802
387,place,0.000963391136802
388,subredditdrama,0.000963391136802
440,attempt,0.000963391136802
427,john,0.000963391136802
428,beaulieu,0.000963391136802
429,friend,0.000963391136802
430,kanye,0.000963391136802
433,moscow,0.000963391136802
434,nobody,0.000963391136802
435,wisdom,0.000963391136802
436,broadcast,0.000963391136802
437,forward,0.000963391136802
439,jordan,0.000963391136802
441,july,0.000963391136802
425,ton,0.000963391136802
442,obama,0.000963391136802
443,king,0.000963391136802
446,dany,0.000963391136802
447,gotten,0.000963391136802
448,stammer,0.000963391136802
449,letang,0.000963391136802
450,shea,0.000963391136802
452,banana,0.000963391136802
453,annihilation,0.000963391136802
454,matter,0.000963391136802
426,inconvenient,0.000963391136802
424,stuffed,0.000963391136802
389,barberio,0.000963391136802
407,message,0.000963391136802
391,iihfworlds2014,0.000963391136802
393,fuckin,0.000963391136802
394,centrale,0.000963391136802
395,kim,0.000963391136802
396,roswell,0.000963391136802
399,puck,0.000963391136802
400,reassure,0.000963391136802
402,welcome,0.000963391136802
404,lol,0.000963391136802
405,rink,0.000963391136802
408,miss,0.000963391136802
423,draft,0.000963391136802
409,maple,0.000963391136802
410,city,0.000963391136802
412,ovi,0.000963391136802
413,johansen,0.000963391136802
415,quality,0.000963391136802
416,start,0.000963391136802
417,sarcasm,0.000963391136802
419,system,0.000963391136802
421,attack,0.000963391136802
422,toews,0.000963391136802
519,barrel,0.000963391136802
